"timezero","unit","target","value"
2024-01-06,"02","1 wk inc flu hosp","10"
2024-01-06,"02","1 wk flu hosp rate change","stable"
2024-01-06,"01","1 wk inc flu hosp","239"
2024-01-06,"01","1 wk flu hosp rate change","large_decrease"
2024-01-06,"05","1 wk inc flu hosp","225"
2024-01-06,"05","1 wk flu hosp rate change","stable"
2024-01-06,"04","1 wk inc flu hosp","728"
2024-01-06,"04","1 wk flu hosp rate change","large_decrease"
2024-01-06,"06","1 wk inc flu hosp","1025"
2024-01-06,"06","1 wk flu hosp rate change","stable"
2024-01-06,"08","1 wk inc flu hosp","302"
2024-01-06,"08","1 wk flu hosp rate change","stable"
2024-01-06,"09","1 wk inc flu hosp","161"
2024-01-06,"09","1 wk flu hosp rate change","stable"
2024-01-06,"11","1 wk inc flu hosp","37"
2024-01-06,"11","1 wk flu hosp rate change","large_decrease"
2024-01-06,"10","1 wk inc flu hosp","34"
2024-01-06,"10","1 wk flu hosp rate change","decrease"
2024-01-06,"12","1 wk inc flu hosp","1059"
2024-01-06,"12","1 wk flu hosp rate change","decrease"
2024-01-06,"13","1 wk inc flu hosp","613"
2024-01-06,"13","1 wk flu hosp rate change","decrease"
2024-01-06,"15","1 wk inc flu hosp","25"
2024-01-06,"15","1 wk flu hosp rate change","decrease"
2024-01-06,"19","1 wk inc flu hosp","76"
2024-01-06,"19","1 wk flu hosp rate change","stable"
2024-01-06,"16","1 wk inc flu hosp","102"
2024-01-06,"16","1 wk flu hosp rate change","large_decrease"
2024-01-06,"17","1 wk inc flu hosp","380"
2024-01-06,"17","1 wk flu hosp rate change","decrease"
2024-01-06,"18","1 wk inc flu hosp","403"
2024-01-06,"18","1 wk flu hosp rate change","stable"
2024-01-06,"20","1 wk inc flu hosp","89"
2024-01-06,"20","1 wk flu hosp rate change","stable"
2024-01-06,"21","1 wk inc flu hosp","242"
2024-01-06,"21","1 wk flu hosp rate change","decrease"
2024-01-06,"22","1 wk inc flu hosp","262"
2024-01-06,"22","1 wk flu hosp rate change","decrease"
2024-01-06,"25","1 wk inc flu hosp","541"
2024-01-06,"25","1 wk flu hosp rate change","decrease"
2024-01-06,"24","1 wk inc flu hosp","248"
2024-01-06,"24","1 wk flu hosp rate change","decrease"
2024-01-06,"23","1 wk inc flu hosp","39"
2024-01-06,"23","1 wk flu hosp rate change","decrease"
2024-01-06,"26","1 wk inc flu hosp","383"
2024-01-06,"26","1 wk flu hosp rate change","decrease"
2024-01-06,"27","1 wk inc flu hosp","161"
2024-01-06,"27","1 wk flu hosp rate change","stable"
2024-01-06,"29","1 wk inc flu hosp","300"
2024-01-06,"29","1 wk flu hosp rate change","stable"
2024-01-06,"28","1 wk inc flu hosp","229"
2024-01-06,"28","1 wk flu hosp rate change","decrease"
2024-01-06,"30","1 wk inc flu hosp","112"
2024-01-06,"30","1 wk flu hosp rate change","decrease"
2024-01-06,"37","1 wk inc flu hosp","505"
2024-01-06,"37","1 wk flu hosp rate change","large_decrease"
2024-01-06,"38","1 wk inc flu hosp","32"
2024-01-06,"38","1 wk flu hosp rate change","large_decrease"
2024-01-06,"31","1 wk inc flu hosp","49"
2024-01-06,"31","1 wk flu hosp rate change","stable"
2024-01-06,"33","1 wk inc flu hosp","47"
2024-01-06,"33","1 wk flu hosp rate change","stable"
2024-01-06,"34","1 wk inc flu hosp","560"
2024-01-06,"34","1 wk flu hosp rate change","decrease"
2024-01-06,"35","1 wk inc flu hosp","152"
2024-01-06,"35","1 wk flu hosp rate change","large_decrease"
2024-01-06,"32","1 wk inc flu hosp","152"
2024-01-06,"32","1 wk flu hosp rate change","stable"
2024-01-06,"36","1 wk inc flu hosp","935"
2024-01-06,"36","1 wk flu hosp rate change","decrease"
2024-01-06,"39","1 wk inc flu hosp","513"
2024-01-06,"39","1 wk flu hosp rate change","stable"
2024-01-06,"40","1 wk inc flu hosp","226"
2024-01-06,"40","1 wk flu hosp rate change","increase"
2024-01-06,"41","1 wk inc flu hosp","115"
2024-01-06,"41","1 wk flu hosp rate change","stable"
2024-01-06,"42","1 wk inc flu hosp","627"
2024-01-06,"42","1 wk flu hosp rate change","decrease"
2024-01-06,"72","1 wk inc flu hosp","61"
2024-01-06,"72","1 wk flu hosp rate change","stable"
2024-01-06,"44","1 wk inc flu hosp","34"
2024-01-06,"44","1 wk flu hosp rate change","decrease"
2024-01-06,"45","1 wk inc flu hosp","268"
2024-01-06,"45","1 wk flu hosp rate change","large_decrease"
2024-01-06,"46","1 wk inc flu hosp","32"
2024-01-06,"46","1 wk flu hosp rate change","large_decrease"
2024-01-06,"47","1 wk inc flu hosp","402"
2024-01-06,"47","1 wk flu hosp rate change","decrease"
2024-01-06,"48","1 wk inc flu hosp","1773"
2024-01-06,"48","1 wk flu hosp rate change","stable"
2024-01-06,"US","1 wk inc flu hosp","15580"
2024-01-06,"US","1 wk flu hosp rate change","decrease"
2024-01-06,"49","1 wk inc flu hosp","46"
2024-01-06,"49","1 wk flu hosp rate change","stable"
2024-01-06,"51","1 wk inc flu hosp","391"
2024-01-06,"51","1 wk flu hosp rate change","decrease"
2024-01-06,"50","1 wk inc flu hosp","23"
2024-01-06,"50","1 wk flu hosp rate change","stable"
2024-01-06,"53","1 wk inc flu hosp","151"
2024-01-06,"53","1 wk flu hosp rate change","stable"
2024-01-06,"55","1 wk inc flu hosp","270"
2024-01-06,"55","1 wk flu hosp rate change","stable"
2024-01-06,"54","1 wk inc flu hosp","135"
2024-01-06,"54","1 wk flu hosp rate change","decrease"
2024-01-06,"56","1 wk inc flu hosp","56"
2024-01-06,"56","1 wk flu hosp rate change","large_decrease"
2023-12-30,"02","1 wk inc flu hosp","5"
2023-12-30,"02","1 wk flu hosp rate change","stable"
2023-12-30,"01","1 wk inc flu hosp","350"
2023-12-30,"01","1 wk flu hosp rate change","increase"
2023-12-30,"05","1 wk inc flu hosp","235"
2023-12-30,"05","1 wk flu hosp rate change","increase"
2023-12-30,"04","1 wk inc flu hosp","937"
2023-12-30,"04","1 wk flu hosp rate change","large_decrease"
2023-12-30,"06","1 wk inc flu hosp","1407"
2023-12-30,"06","1 wk flu hosp rate change","stable"
2023-12-30,"08","1 wk inc flu hosp","315"
2023-12-30,"08","1 wk flu hosp rate change","stable"
2023-12-30,"09","1 wk inc flu hosp","167"
2023-12-30,"09","1 wk flu hosp rate change","stable"
2023-12-30,"11","1 wk inc flu hosp","55"
2023-12-30,"11","1 wk flu hosp rate change","stable"
2023-12-30,"10","1 wk inc flu hosp","48"
2023-12-30,"10","1 wk flu hosp rate change","decrease"
2023-12-30,"12","1 wk inc flu hosp","1408"
2023-12-30,"12","1 wk flu hosp rate change","stable"
2023-12-30,"13","1 wk inc flu hosp","765"
2023-12-30,"13","1 wk flu hosp rate change","large_decrease"
2023-12-30,"15","1 wk inc flu hosp","40"
2023-12-30,"15","1 wk flu hosp rate change","stable"
2023-12-30,"19","1 wk inc flu hosp","94"
2023-12-30,"19","1 wk flu hosp rate change","stable"
2023-12-30,"16","1 wk inc flu hosp","157"
2023-12-30,"16","1 wk flu hosp rate change","stable"
2023-12-30,"17","1 wk inc flu hosp","508"
2023-12-30,"17","1 wk flu hosp rate change","stable"
2023-12-30,"18","1 wk inc flu hosp","469"
2023-12-30,"18","1 wk flu hosp rate change","stable"
2023-12-30,"20","1 wk inc flu hosp","96"
2023-12-30,"20","1 wk flu hosp rate change","stable"
2023-12-30,"21","1 wk inc flu hosp","296"
2023-12-30,"21","1 wk flu hosp rate change","stable"
2023-12-30,"22","1 wk inc flu hosp","311"
2023-12-30,"22","1 wk flu hosp rate change","decrease"
2023-12-30,"25","1 wk inc flu hosp","639"
2023-12-30,"25","1 wk flu hosp rate change","stable"
2023-12-30,"24","1 wk inc flu hosp","322"
2023-12-30,"24","1 wk flu hosp rate change","stable"
2023-12-30,"23","1 wk inc flu hosp","60"
2023-12-30,"23","1 wk flu hosp rate change","stable"
2023-12-30,"26","1 wk inc flu hosp","499"
2023-12-30,"26","1 wk flu hosp rate change","stable"
2023-12-30,"27","1 wk inc flu hosp","168"
2023-12-30,"27","1 wk flu hosp rate change","stable"
2023-12-30,"29","1 wk inc flu hosp","344"
2023-12-30,"29","1 wk flu hosp rate change","stable"
2023-12-30,"28","1 wk inc flu hosp","274"
2023-12-30,"28","1 wk flu hosp rate change","decrease"
2023-12-30,"30","1 wk inc flu hosp","124"
2023-12-30,"30","1 wk flu hosp rate change","increase"
2023-12-30,"37","1 wk inc flu hosp","779"
2023-12-30,"37","1 wk flu hosp rate change","large_decrease"
2023-12-30,"38","1 wk inc flu hosp","51"
2023-12-30,"38","1 wk flu hosp rate change","stable"
2023-12-30,"31","1 wk inc flu hosp","53"
2023-12-30,"31","1 wk flu hosp rate change","stable"
2023-12-30,"33","1 wk inc flu hosp","47"
2023-12-30,"33","1 wk flu hosp rate change","stable"
2023-12-30,"34","1 wk inc flu hosp","667"
2023-12-30,"34","1 wk flu hosp rate change","stable"
2023-12-30,"35","1 wk inc flu hosp","228"
2023-12-30,"35","1 wk flu hosp rate change","stable"
2023-12-30,"32","1 wk inc flu hosp","144"
2023-12-30,"32","1 wk flu hosp rate change","stable"
2023-12-30,"36","1 wk inc flu hosp","1249"
2023-12-30,"36","1 wk flu hosp rate change","stable"
2023-12-30,"39","1 wk inc flu hosp","573"
2023-12-30,"39","1 wk flu hosp rate change","stable"
2023-12-30,"40","1 wk inc flu hosp","173"
2023-12-30,"40","1 wk flu hosp rate change","stable"
2023-12-30,"41","1 wk inc flu hosp","142"
2023-12-30,"41","1 wk flu hosp rate change","stable"
2023-12-30,"42","1 wk inc flu hosp","762"
2023-12-30,"42","1 wk flu hosp rate change","large_decrease"
2023-12-30,"72","1 wk inc flu hosp","51"
2023-12-30,"72","1 wk flu hosp rate change","stable"
2023-12-30,"44","1 wk inc flu hosp","48"
2023-12-30,"44","1 wk flu hosp rate change","stable"
2023-12-30,"45","1 wk inc flu hosp","484"
2023-12-30,"45","1 wk flu hosp rate change","large_decrease"
2023-12-30,"46","1 wk inc flu hosp","53"
2023-12-30,"46","1 wk flu hosp rate change","stable"
2023-12-30,"47","1 wk inc flu hosp","482"
2023-12-30,"47","1 wk flu hosp rate change","stable"
2023-12-30,"48","1 wk inc flu hosp","1589"
2023-12-30,"48","1 wk flu hosp rate change","stable"
2023-12-30,"US","1 wk inc flu hosp","18995"
2023-12-30,"US","1 wk flu hosp rate change","stable"
2023-12-30,"49","1 wk inc flu hosp","64"
2023-12-30,"49","1 wk flu hosp rate change","stable"
2023-12-30,"51","1 wk inc flu hosp","538"
2023-12-30,"51","1 wk flu hosp rate change","large_decrease"
2023-12-30,"50","1 wk inc flu hosp","15"
2023-12-30,"50","1 wk flu hosp rate change","stable"
2023-12-30,"53","1 wk inc flu hosp","209"
2023-12-30,"53","1 wk flu hosp rate change","stable"
2023-12-30,"55","1 wk inc flu hosp","248"
2023-12-30,"55","1 wk flu hosp rate change","stable"
2023-12-30,"54","1 wk inc flu hosp","169"
2023-12-30,"54","1 wk flu hosp rate change","stable"
2023-12-30,"56","1 wk inc flu hosp","84"
2023-12-30,"56","1 wk flu hosp rate change","increase"
2023-12-23,"02","1 wk inc flu hosp","4"
2023-12-23,"02","1 wk flu hosp rate change","stable"
2023-12-23,"01","1 wk inc flu hosp","298"
2023-12-23,"01","1 wk flu hosp rate change","stable"
2023-12-23,"05","1 wk inc flu hosp","186"
2023-12-23,"05","1 wk flu hosp rate change","large_increase"
2023-12-23,"04","1 wk inc flu hosp","1150"
2023-12-23,"04","1 wk flu hosp rate change","large_increase"
2023-12-23,"06","1 wk inc flu hosp","1752"
2023-12-23,"06","1 wk flu hosp rate change","stable"
2023-12-23,"08","1 wk inc flu hosp","349"
2023-12-23,"08","1 wk flu hosp rate change","increase"
2023-12-23,"09","1 wk inc flu hosp","194"
2023-12-23,"09","1 wk flu hosp rate change","large_increase"
2023-12-23,"11","1 wk inc flu hosp","57"
2023-12-23,"11","1 wk flu hosp rate change","increase"
2023-12-23,"10","1 wk inc flu hosp","60"
2023-12-23,"10","1 wk flu hosp rate change","large_increase"
2023-12-23,"12","1 wk inc flu hosp","1328"
2023-12-23,"12","1 wk flu hosp rate change","increase"
2023-12-23,"13","1 wk inc flu hosp","1137"
2023-12-23,"13","1 wk flu hosp rate change","large_increase"
2023-12-23,"15","1 wk inc flu hosp","32"
2023-12-23,"15","1 wk flu hosp rate change","stable"
2023-12-23,"19","1 wk inc flu hosp","99"
2023-12-23,"19","1 wk flu hosp rate change","stable"
2023-12-23,"16","1 wk inc flu hosp","163"
2023-12-23,"16","1 wk flu hosp rate change","large_increase"
2023-12-23,"17","1 wk inc flu hosp","577"
2023-12-23,"17","1 wk flu hosp rate change","stable"
2023-12-23,"18","1 wk inc flu hosp","482"
2023-12-23,"18","1 wk flu hosp rate change","large_increase"
2023-12-23,"20","1 wk inc flu hosp","92"
2023-12-23,"20","1 wk flu hosp rate change","stable"
2023-12-23,"21","1 wk inc flu hosp","261"
2023-12-23,"21","1 wk flu hosp rate change","large_increase"
2023-12-23,"22","1 wk inc flu hosp","381"
2023-12-23,"22","1 wk flu hosp rate change","increase"
2023-12-23,"25","1 wk inc flu hosp","580"
2023-12-23,"25","1 wk flu hosp rate change","large_increase"
2023-12-23,"24","1 wk inc flu hosp","328"
2023-12-23,"24","1 wk flu hosp rate change","increase"
2023-12-23,"23","1 wk inc flu hosp","51"
2023-12-23,"23","1 wk flu hosp rate change","large_increase"
2023-12-23,"26","1 wk inc flu hosp","566"
2023-12-23,"26","1 wk flu hosp rate change","large_increase"
2023-12-23,"27","1 wk inc flu hosp","189"
2023-12-23,"27","1 wk flu hosp rate change","increase"
2023-12-23,"29","1 wk inc flu hosp","366"
2023-12-23,"29","1 wk flu hosp rate change","large_increase"
2023-12-23,"28","1 wk inc flu hosp","303"
2023-12-23,"28","1 wk flu hosp rate change","large_increase"
2023-12-23,"30","1 wk inc flu hosp","113"
2023-12-23,"30","1 wk flu hosp rate change","large_increase"
2023-12-23,"37","1 wk inc flu hosp","1076"
2023-12-23,"37","1 wk flu hosp rate change","large_increase"
2023-12-23,"38","1 wk inc flu hosp","49"
2023-12-23,"38","1 wk flu hosp rate change","large_increase"
2023-12-23,"31","1 wk inc flu hosp","51"
2023-12-23,"31","1 wk flu hosp rate change","stable"
2023-12-23,"33","1 wk inc flu hosp","57"
2023-12-23,"33","1 wk flu hosp rate change","increase"
2023-12-23,"34","1 wk inc flu hosp","733"
2023-12-23,"34","1 wk flu hosp rate change","large_increase"
2023-12-23,"35","1 wk inc flu hosp","236"
2023-12-23,"35","1 wk flu hosp rate change","stable"
2023-12-23,"32","1 wk inc flu hosp","167"
2023-12-23,"32","1 wk flu hosp rate change","stable"
2023-12-23,"36","1 wk inc flu hosp","1345"
2023-12-23,"36","1 wk flu hosp rate change","large_increase"
2023-12-23,"39","1 wk inc flu hosp","638"
2023-12-23,"39","1 wk flu hosp rate change","increase"
2023-12-23,"40","1 wk inc flu hosp","141"
2023-12-23,"40","1 wk flu hosp rate change","stable"
2023-12-23,"41","1 wk inc flu hosp","147"
2023-12-23,"41","1 wk flu hosp rate change","increase"
2023-12-23,"42","1 wk inc flu hosp","1035"
2023-12-23,"42","1 wk flu hosp rate change","large_increase"
2023-12-23,"72","1 wk inc flu hosp","64"
2023-12-23,"72","1 wk flu hosp rate change","stable"
2023-12-23,"44","1 wk inc flu hosp","47"
2023-12-23,"44","1 wk flu hosp rate change","large_increase"
2023-12-23,"45","1 wk inc flu hosp","649"
2023-12-23,"45","1 wk flu hosp rate change","large_increase"
2023-12-23,"46","1 wk inc flu hosp","48"
2023-12-23,"46","1 wk flu hosp rate change","increase"
2023-12-23,"47","1 wk inc flu hosp","536"
2023-12-23,"47","1 wk flu hosp rate change","large_increase"
2023-12-23,"48","1 wk inc flu hosp","1527"
2023-12-23,"48","1 wk flu hosp rate change","stable"
2023-12-23,"US","1 wk inc flu hosp","21217"
2023-12-23,"US","1 wk flu hosp rate change","increase"
2023-12-23,"49","1 wk inc flu hosp","83"
2023-12-23,"49","1 wk flu hosp rate change","stable"
2023-12-23,"51","1 wk inc flu hosp","731"
2023-12-23,"51","1 wk flu hosp rate change","large_increase"
2023-12-23,"50","1 wk inc flu hosp","19"
2023-12-23,"50","1 wk flu hosp rate change","stable"
2023-12-23,"53","1 wk inc flu hosp","211"
2023-12-23,"53","1 wk flu hosp rate change","stable"
2023-12-23,"55","1 wk inc flu hosp","302"
2023-12-23,"55","1 wk flu hosp rate change","increase"
2023-12-23,"54","1 wk inc flu hosp","153"
2023-12-23,"54","1 wk flu hosp rate change","large_increase"
2023-12-23,"56","1 wk inc flu hosp","74"
2023-12-23,"56","1 wk flu hosp rate change","large_increase"
2023-12-16,"02","1 wk inc flu hosp","5"
2023-12-16,"02","1 wk flu hosp rate change","stable"
2023-12-16,"01","1 wk inc flu hosp","278"
2023-12-16,"01","1 wk flu hosp rate change","large_increase"
2023-12-16,"05","1 wk inc flu hosp","96"
2023-12-16,"05","1 wk flu hosp rate change","increase"
2023-12-16,"04","1 wk inc flu hosp","961"
2023-12-16,"04","1 wk flu hosp rate change","large_increase"
2023-12-16,"06","1 wk inc flu hosp","1639"
2023-12-16,"06","1 wk flu hosp rate change","increase"
2023-12-16,"08","1 wk inc flu hosp","252"
2023-12-16,"08","1 wk flu hosp rate change","stable"
2023-12-16,"09","1 wk inc flu hosp","115"
2023-12-16,"09","1 wk flu hosp rate change","stable"
2023-12-16,"11","1 wk inc flu hosp","46"
2023-12-16,"11","1 wk flu hosp rate change","large_increase"
2023-12-16,"10","1 wk inc flu hosp","24"
2023-12-16,"10","1 wk flu hosp rate change","stable"
2023-12-16,"12","1 wk inc flu hosp","986"
2023-12-16,"12","1 wk flu hosp rate change","stable"
2023-12-16,"13","1 wk inc flu hosp","746"
2023-12-16,"13","1 wk flu hosp rate change","large_increase"
2023-12-16,"15","1 wk inc flu hosp","27"
2023-12-16,"15","1 wk flu hosp rate change","stable"
2023-12-16,"19","1 wk inc flu hosp","90"
2023-12-16,"19","1 wk flu hosp rate change","increase"
2023-12-16,"16","1 wk inc flu hosp","115"
2023-12-16,"16","1 wk flu hosp rate change","large_increase"
2023-12-16,"17","1 wk inc flu hosp","464"
2023-12-16,"17","1 wk flu hosp rate change","increase"
2023-12-16,"18","1 wk inc flu hosp","329"
2023-12-16,"18","1 wk flu hosp rate change","increase"
2023-12-16,"20","1 wk inc flu hosp","91"
2023-12-16,"20","1 wk flu hosp rate change","increase"
2023-12-16,"21","1 wk inc flu hosp","137"
2023-12-16,"21","1 wk flu hosp rate change","increase"
2023-12-16,"22","1 wk inc flu hosp","307"
2023-12-16,"22","1 wk flu hosp rate change","large_increase"
2023-12-16,"25","1 wk inc flu hosp","317"
2023-12-16,"25","1 wk flu hosp rate change","increase"
2023-12-16,"24","1 wk inc flu hosp","207"
2023-12-16,"24","1 wk flu hosp rate change","increase"
2023-12-16,"23","1 wk inc flu hosp","16"
2023-12-16,"23","1 wk flu hosp rate change","stable"
2023-12-16,"26","1 wk inc flu hosp","271"
2023-12-16,"26","1 wk flu hosp rate change","stable"
2023-12-16,"27","1 wk inc flu hosp","110"
2023-12-16,"27","1 wk flu hosp rate change","stable"
2023-12-16,"29","1 wk inc flu hosp","223"
2023-12-16,"29","1 wk flu hosp rate change","increase"
2023-12-16,"28","1 wk inc flu hosp","200"
2023-12-16,"28","1 wk flu hosp rate change","large_increase"
2023-12-16,"30","1 wk inc flu hosp","78"
2023-12-16,"30","1 wk flu hosp rate change","large_increase"
2023-12-16,"37","1 wk inc flu hosp","733"
2023-12-16,"37","1 wk flu hosp rate change","large_increase"
2023-12-16,"38","1 wk inc flu hosp","26"
2023-12-16,"38","1 wk flu hosp rate change","increase"
2023-12-16,"31","1 wk inc flu hosp","53"
2023-12-16,"31","1 wk flu hosp rate change","large_increase"
2023-12-16,"33","1 wk inc flu hosp","41"
2023-12-16,"33","1 wk flu hosp rate change","stable"
2023-12-16,"34","1 wk inc flu hosp","490"
2023-12-16,"34","1 wk flu hosp rate change","large_increase"
2023-12-16,"35","1 wk inc flu hosp","232"
2023-12-16,"35","1 wk flu hosp rate change","large_increase"
2023-12-16,"32","1 wk inc flu hosp","154"
2023-12-16,"32","1 wk flu hosp rate change","increase"
2023-12-16,"36","1 wk inc flu hosp","935"
2023-12-16,"36","1 wk flu hosp rate change","stable"
2023-12-16,"39","1 wk inc flu hosp","428"
2023-12-16,"39","1 wk flu hosp rate change","increase"
2023-12-16,"40","1 wk inc flu hosp","160"
2023-12-16,"40","1 wk flu hosp rate change","increase"
2023-12-16,"41","1 wk inc flu hosp","103"
2023-12-16,"41","1 wk flu hosp rate change","increase"
2023-12-16,"42","1 wk inc flu hosp","709"
2023-12-16,"42","1 wk flu hosp rate change","large_increase"
2023-12-16,"72","1 wk inc flu hosp","60"
2023-12-16,"72","1 wk flu hosp rate change","stable"
2023-12-16,"44","1 wk inc flu hosp","18"
2023-12-16,"44","1 wk flu hosp rate change","stable"
2023-12-16,"45","1 wk inc flu hosp","421"
2023-12-16,"45","1 wk flu hosp rate change","large_increase"
2023-12-16,"46","1 wk inc flu hosp","33"
2023-12-16,"46","1 wk flu hosp rate change","large_increase"
2023-12-16,"47","1 wk inc flu hosp","294"
2023-12-16,"47","1 wk flu hosp rate change","increase"
2023-12-16,"48","1 wk inc flu hosp","1254"
2023-12-16,"48","1 wk flu hosp rate change","increase"
2023-12-16,"US","1 wk inc flu hosp","15216"
2023-12-16,"US","1 wk flu hosp rate change","increase"
2023-12-16,"49","1 wk inc flu hosp","58"
2023-12-16,"49","1 wk flu hosp rate change","increase"
2023-12-16,"51","1 wk inc flu hosp","419"
2023-12-16,"51","1 wk flu hosp rate change","large_increase"
2023-12-16,"50","1 wk inc flu hosp","12"
2023-12-16,"50","1 wk flu hosp rate change","stable"
2023-12-16,"53","1 wk inc flu hosp","155"
2023-12-16,"53","1 wk flu hosp rate change","stable"
2023-12-16,"55","1 wk inc flu hosp","187"
2023-12-16,"55","1 wk flu hosp rate change","increase"
2023-12-16,"54","1 wk inc flu hosp","82"
2023-12-16,"54","1 wk flu hosp rate change","large_increase"
2023-12-16,"56","1 wk inc flu hosp","29"
2023-12-16,"56","1 wk flu hosp rate change","large_decrease"
2023-12-09,"02","1 wk inc flu hosp","4"
2023-12-09,"02","1 wk flu hosp rate change","decrease"
2023-12-09,"01","1 wk inc flu hosp","151"
2023-12-09,"01","1 wk flu hosp rate change","stable"
2023-12-09,"05","1 wk inc flu hosp","53"
2023-12-09,"05","1 wk flu hosp rate change","stable"
2023-12-09,"04","1 wk inc flu hosp","606"
2023-12-09,"04","1 wk flu hosp rate change","large_increase"
2023-12-09,"06","1 wk inc flu hosp","990"
2023-12-09,"06","1 wk flu hosp rate change","stable"
2023-12-09,"08","1 wk inc flu hosp","220"
2023-12-09,"08","1 wk flu hosp rate change","increase"
2023-12-09,"09","1 wk inc flu hosp","120"
2023-12-09,"09","1 wk flu hosp rate change","increase"
2023-12-09,"11","1 wk inc flu hosp","20"
2023-12-09,"11","1 wk flu hosp rate change","stable"
2023-12-09,"10","1 wk inc flu hosp","18"
2023-12-09,"10","1 wk flu hosp rate change","stable"
2023-12-09,"12","1 wk inc flu hosp","841"
2023-12-09,"12","1 wk flu hosp rate change","stable"
2023-12-09,"13","1 wk inc flu hosp","442"
2023-12-09,"13","1 wk flu hosp rate change","increase"
2023-12-09,"15","1 wk inc flu hosp","27"
2023-12-09,"15","1 wk flu hosp rate change","stable"
2023-12-09,"19","1 wk inc flu hosp","50"
2023-12-09,"19","1 wk flu hosp rate change","stable"
2023-12-09,"16","1 wk inc flu hosp","67"
2023-12-09,"16","1 wk flu hosp rate change","increase"
2023-12-09,"17","1 wk inc flu hosp","254"
2023-12-09,"17","1 wk flu hosp rate change","stable"
2023-12-09,"18","1 wk inc flu hosp","239"
2023-12-09,"18","1 wk flu hosp rate change","increase"
2023-12-09,"20","1 wk inc flu hosp","43"
2023-12-09,"20","1 wk flu hosp rate change","stable"
2023-12-09,"21","1 wk inc flu hosp","87"
2023-12-09,"21","1 wk flu hosp rate change","stable"
2023-12-09,"22","1 wk inc flu hosp","179"
2023-12-09,"22","1 wk flu hosp rate change","stable"
2023-12-09,"25","1 wk inc flu hosp","216"
2023-12-09,"25","1 wk flu hosp rate change","stable"
2023-12-09,"24","1 wk inc flu hosp","115"
2023-12-09,"24","1 wk flu hosp rate change","stable"
2023-12-09,"23","1 wk inc flu hosp","20"
2023-12-09,"23","1 wk flu hosp rate change","stable"
2023-12-09,"26","1 wk inc flu hosp","247"
2023-12-09,"26","1 wk flu hosp rate change","stable"
2023-12-09,"27","1 wk inc flu hosp","78"
2023-12-09,"27","1 wk flu hosp rate change","stable"
2023-12-09,"29","1 wk inc flu hosp","154"
2023-12-09,"29","1 wk flu hosp rate change","stable"
2023-12-09,"28","1 wk inc flu hosp","96"
2023-12-09,"28","1 wk flu hosp rate change","stable"
2023-12-09,"30","1 wk inc flu hosp","37"
2023-12-09,"30","1 wk flu hosp rate change","increase"
2023-12-09,"37","1 wk inc flu hosp","402"
2023-12-09,"37","1 wk flu hosp rate change","stable"
2023-12-09,"38","1 wk inc flu hosp","16"
2023-12-09,"38","1 wk flu hosp rate change","stable"
2023-12-09,"31","1 wk inc flu hosp","13"
2023-12-09,"31","1 wk flu hosp rate change","stable"
2023-12-09,"33","1 wk inc flu hosp","28"
2023-12-09,"33","1 wk flu hosp rate change","stable"
2023-12-09,"34","1 wk inc flu hosp","305"
2023-12-09,"34","1 wk flu hosp rate change","increase"
2023-12-09,"35","1 wk inc flu hosp","157"
2023-12-09,"35","1 wk flu hosp rate change","large_increase"
2023-12-09,"32","1 wk inc flu hosp","116"
2023-12-09,"32","1 wk flu hosp rate change","increase"
2023-12-09,"36","1 wk inc flu hosp","744"
2023-12-09,"36","1 wk flu hosp rate change","increase"
2023-12-09,"39","1 wk inc flu hosp","239"
2023-12-09,"39","1 wk flu hosp rate change","stable"
2023-12-09,"40","1 wk inc flu hosp","86"
2023-12-09,"40","1 wk flu hosp rate change","stable"
2023-12-09,"41","1 wk inc flu hosp","45"
2023-12-09,"41","1 wk flu hosp rate change","stable"
2023-12-09,"42","1 wk inc flu hosp","395"
2023-12-09,"42","1 wk flu hosp rate change","stable"
2023-12-09,"72","1 wk inc flu hosp","57"
2023-12-09,"72","1 wk flu hosp rate change","stable"
2023-12-09,"44","1 wk inc flu hosp","24"
2023-12-09,"44","1 wk flu hosp rate change","increase"
2023-12-09,"45","1 wk inc flu hosp","264"
2023-12-09,"45","1 wk flu hosp rate change","increase"
2023-12-09,"46","1 wk inc flu hosp","13"
2023-12-09,"46","1 wk flu hosp rate change","stable"
2023-12-09,"47","1 wk inc flu hosp","180"
2023-12-09,"47","1 wk flu hosp rate change","stable"
2023-12-09,"48","1 wk inc flu hosp","908"
2023-12-09,"48","1 wk flu hosp rate change","increase"
2023-12-09,"US","1 wk inc flu hosp","9940"
2023-12-09,"US","1 wk flu hosp rate change","stable"
2023-12-09,"49","1 wk inc flu hosp","24"
2023-12-09,"49","1 wk flu hosp rate change","stable"
2023-12-09,"51","1 wk inc flu hosp","229"
2023-12-09,"51","1 wk flu hosp rate change","stable"
2023-12-09,"50","1 wk inc flu hosp","8"
2023-12-09,"50","1 wk flu hosp rate change","stable"
2023-12-09,"53","1 wk inc flu hosp","109"
2023-12-09,"53","1 wk flu hosp rate change","stable"
2023-12-09,"55","1 wk inc flu hosp","122"
2023-12-09,"55","1 wk flu hosp rate change","stable"
2023-12-09,"54","1 wk inc flu hosp","33"
2023-12-09,"54","1 wk flu hosp rate change","stable"
2023-12-09,"56","1 wk inc flu hosp","49"
2023-12-09,"56","1 wk flu hosp rate change","stable"
2023-12-02,"02","1 wk inc flu hosp","14"
2023-12-02,"02","1 wk flu hosp rate change","stable"
2023-12-02,"01","1 wk inc flu hosp","111"
2023-12-02,"01","1 wk flu hosp rate change","stable"
2023-12-02,"05","1 wk inc flu hosp","40"
2023-12-02,"05","1 wk flu hosp rate change","stable"
2023-12-02,"04","1 wk inc flu hosp","393"
2023-12-02,"04","1 wk flu hosp rate change","increase"
2023-12-02,"06","1 wk inc flu hosp","804"
2023-12-02,"06","1 wk flu hosp rate change","stable"
2023-12-02,"08","1 wk inc flu hosp","153"
2023-12-02,"08","1 wk flu hosp rate change","stable"
2023-12-02,"09","1 wk inc flu hosp","74"
2023-12-02,"09","1 wk flu hosp rate change","stable"
2023-12-02,"11","1 wk inc flu hosp","14"
2023-12-02,"11","1 wk flu hosp rate change","stable"
2023-12-02,"10","1 wk inc flu hosp","10"
2023-12-02,"10","1 wk flu hosp rate change","stable"
2023-12-02,"12","1 wk inc flu hosp","763"
2023-12-02,"12","1 wk flu hosp rate change","stable"
2023-12-02,"13","1 wk inc flu hosp","261"
2023-12-02,"13","1 wk flu hosp rate change","stable"
2023-12-02,"15","1 wk inc flu hosp","33"
2023-12-02,"15","1 wk flu hosp rate change","stable"
2023-12-02,"19","1 wk inc flu hosp","44"
2023-12-02,"19","1 wk flu hosp rate change","stable"
2023-12-02,"16","1 wk inc flu hosp","46"
2023-12-02,"16","1 wk flu hosp rate change","increase"
2023-12-02,"17","1 wk inc flu hosp","205"
2023-12-02,"17","1 wk flu hosp rate change","stable"
2023-12-02,"18","1 wk inc flu hosp","167"
2023-12-02,"18","1 wk flu hosp rate change","stable"
2023-12-02,"20","1 wk inc flu hosp","37"
2023-12-02,"20","1 wk flu hosp rate change","stable"
2023-12-02,"21","1 wk inc flu hosp","48"
2023-12-02,"21","1 wk flu hosp rate change","stable"
2023-12-02,"22","1 wk inc flu hosp","158"
2023-12-02,"22","1 wk flu hosp rate change","stable"
2023-12-02,"25","1 wk inc flu hosp","148"
2023-12-02,"25","1 wk flu hosp rate change","stable"
2023-12-02,"24","1 wk inc flu hosp","78"
2023-12-02,"24","1 wk flu hosp rate change","stable"
2023-12-02,"23","1 wk inc flu hosp","15"
2023-12-02,"23","1 wk flu hosp rate change","stable"
2023-12-02,"26","1 wk inc flu hosp","173"
2023-12-02,"26","1 wk flu hosp rate change","stable"
2023-12-02,"27","1 wk inc flu hosp","48"
2023-12-02,"27","1 wk flu hosp rate change","stable"
2023-12-02,"29","1 wk inc flu hosp","140"
2023-12-02,"29","1 wk flu hosp rate change","stable"
2023-12-02,"28","1 wk inc flu hosp","71"
2023-12-02,"28","1 wk flu hosp rate change","stable"
2023-12-02,"30","1 wk inc flu hosp","21"
2023-12-02,"30","1 wk flu hosp rate change","stable"
2023-12-02,"37","1 wk inc flu hosp","313"
2023-12-02,"37","1 wk flu hosp rate change","stable"
2023-12-02,"38","1 wk inc flu hosp","11"
2023-12-02,"38","1 wk flu hosp rate change","stable"
2023-12-02,"31","1 wk inc flu hosp","11"
2023-12-02,"31","1 wk flu hosp rate change","stable"
2023-12-02,"33","1 wk inc flu hosp","15"
2023-12-02,"33","1 wk flu hosp rate change","stable"
2023-12-02,"34","1 wk inc flu hosp","160"
2023-12-02,"34","1 wk flu hosp rate change","stable"
2023-12-02,"35","1 wk inc flu hosp","89"
2023-12-02,"35","1 wk flu hosp rate change","large_increase"
2023-12-02,"32","1 wk inc flu hosp","77"
2023-12-02,"32","1 wk flu hosp rate change","stable"
2023-12-02,"36","1 wk inc flu hosp","509"
2023-12-02,"36","1 wk flu hosp rate change","stable"
2023-12-02,"39","1 wk inc flu hosp","161"
2023-12-02,"39","1 wk flu hosp rate change","stable"
2023-12-02,"40","1 wk inc flu hosp","61"
2023-12-02,"40","1 wk flu hosp rate change","stable"
2023-12-02,"41","1 wk inc flu hosp","43"
2023-12-02,"41","1 wk flu hosp rate change","stable"
2023-12-02,"42","1 wk inc flu hosp","284"
2023-12-02,"42","1 wk flu hosp rate change","stable"
2023-12-02,"72","1 wk inc flu hosp","62"
2023-12-02,"72","1 wk flu hosp rate change","stable"
2023-12-02,"44","1 wk inc flu hosp","6"
2023-12-02,"44","1 wk flu hosp rate change","stable"
2023-12-02,"45","1 wk inc flu hosp","177"
2023-12-02,"45","1 wk flu hosp rate change","stable"
2023-12-02,"46","1 wk inc flu hosp","6"
2023-12-02,"46","1 wk flu hosp rate change","stable"
2023-12-02,"47","1 wk inc flu hosp","153"
2023-12-02,"47","1 wk flu hosp rate change","stable"
2023-12-02,"48","1 wk inc flu hosp","590"
2023-12-02,"48","1 wk flu hosp rate change","stable"
2023-12-02,"US","1 wk inc flu hosp","7229"
2023-12-02,"US","1 wk flu hosp rate change","stable"
2023-12-02,"49","1 wk inc flu hosp","17"
2023-12-02,"49","1 wk flu hosp rate change","stable"
2023-12-02,"51","1 wk inc flu hosp","157"
2023-12-02,"51","1 wk flu hosp rate change","stable"
2023-12-02,"50","1 wk inc flu hosp","8"
2023-12-02,"50","1 wk flu hosp rate change","stable"
2023-12-02,"53","1 wk inc flu hosp","83"
2023-12-02,"53","1 wk flu hosp rate change","stable"
2023-12-02,"55","1 wk inc flu hosp","99"
2023-12-02,"55","1 wk flu hosp rate change","stable"
2023-12-02,"54","1 wk inc flu hosp","20"
2023-12-02,"54","1 wk flu hosp rate change","stable"
2023-12-02,"56","1 wk inc flu hosp","48"
2023-12-02,"56","1 wk flu hosp rate change","large_increase"
2023-11-25,"02","1 wk inc flu hosp","15"
2023-11-25,"02","1 wk flu hosp rate change","stable"
2023-11-25,"01","1 wk inc flu hosp","85"
2023-11-25,"01","1 wk flu hosp rate change","stable"
2023-11-25,"05","1 wk inc flu hosp","24"
2023-11-25,"05","1 wk flu hosp rate change","stable"
2023-11-25,"04","1 wk inc flu hosp","279"
2023-11-25,"04","1 wk flu hosp rate change","stable"
2023-11-25,"06","1 wk inc flu hosp","631"
2023-11-25,"06","1 wk flu hosp rate change","stable"
2023-11-25,"08","1 wk inc flu hosp","126"
2023-11-25,"08","1 wk flu hosp rate change","stable"
2023-11-25,"09","1 wk inc flu hosp","57"
2023-11-25,"09","1 wk flu hosp rate change","stable"
2023-11-25,"11","1 wk inc flu hosp","11"
2023-11-25,"11","1 wk flu hosp rate change","stable"
2023-11-25,"10","1 wk inc flu hosp","2"
2023-11-25,"10","1 wk flu hosp rate change","stable"
2023-11-25,"12","1 wk inc flu hosp","748"
2023-11-25,"12","1 wk flu hosp rate change","stable"
2023-11-25,"13","1 wk inc flu hosp","225"
2023-11-25,"13","1 wk flu hosp rate change","stable"
2023-11-25,"15","1 wk inc flu hosp","23"
2023-11-25,"15","1 wk flu hosp rate change","stable"
2023-11-25,"19","1 wk inc flu hosp","44"
2023-11-25,"19","1 wk flu hosp rate change","stable"
2023-11-25,"16","1 wk inc flu hosp","19"
2023-11-25,"16","1 wk flu hosp rate change","stable"
2023-11-25,"17","1 wk inc flu hosp","165"
2023-11-25,"17","1 wk flu hosp rate change","stable"
2023-11-25,"18","1 wk inc flu hosp","146"
2023-11-25,"18","1 wk flu hosp rate change","stable"
2023-11-25,"20","1 wk inc flu hosp","37"
2023-11-25,"20","1 wk flu hosp rate change","stable"
2023-11-25,"21","1 wk inc flu hosp","58"
2023-11-25,"21","1 wk flu hosp rate change","stable"
2023-11-25,"22","1 wk inc flu hosp","122"
2023-11-25,"22","1 wk flu hosp rate change","stable"
2023-11-25,"25","1 wk inc flu hosp","99"
2023-11-25,"25","1 wk flu hosp rate change","stable"
2023-11-25,"24","1 wk inc flu hosp","60"
2023-11-25,"24","1 wk flu hosp rate change","stable"
2023-11-25,"23","1 wk inc flu hosp","9"
2023-11-25,"23","1 wk flu hosp rate change","stable"
2023-11-25,"26","1 wk inc flu hosp","106"
2023-11-25,"26","1 wk flu hosp rate change","stable"
2023-11-25,"27","1 wk inc flu hosp","34"
2023-11-25,"27","1 wk flu hosp rate change","stable"
2023-11-25,"29","1 wk inc flu hosp","85"
2023-11-25,"29","1 wk flu hosp rate change","stable"
2023-11-25,"28","1 wk inc flu hosp","77"
2023-11-25,"28","1 wk flu hosp rate change","increase"
2023-11-25,"30","1 wk inc flu hosp","18"
2023-11-25,"30","1 wk flu hosp rate change","increase"
2023-11-25,"37","1 wk inc flu hosp","213"
2023-11-25,"37","1 wk flu hosp rate change","stable"
2023-11-25,"38","1 wk inc flu hosp","17"
2023-11-25,"38","1 wk flu hosp rate change","increase"
2023-11-25,"31","1 wk inc flu hosp","8"
2023-11-25,"31","1 wk flu hosp rate change","stable"
2023-11-25,"33","1 wk inc flu hosp","7"
2023-11-25,"33","1 wk flu hosp rate change","stable"
2023-11-25,"34","1 wk inc flu hosp","129"
2023-11-25,"34","1 wk flu hosp rate change","stable"
2023-11-25,"35","1 wk inc flu hosp","43"
2023-11-25,"35","1 wk flu hosp rate change","increase"
2023-11-25,"32","1 wk inc flu hosp","51"
2023-11-25,"32","1 wk flu hosp rate change","stable"
2023-11-25,"36","1 wk inc flu hosp","345"
2023-11-25,"36","1 wk flu hosp rate change","stable"
2023-11-25,"39","1 wk inc flu hosp","134"
2023-11-25,"39","1 wk flu hosp rate change","stable"
2023-11-25,"40","1 wk inc flu hosp","71"
2023-11-25,"40","1 wk flu hosp rate change","stable"
2023-11-25,"41","1 wk inc flu hosp","17"
2023-11-25,"41","1 wk flu hosp rate change","stable"
2023-11-25,"42","1 wk inc flu hosp","217"
2023-11-25,"42","1 wk flu hosp rate change","stable"
2023-11-25,"72","1 wk inc flu hosp","91"
2023-11-25,"72","1 wk flu hosp rate change","stable"
2023-11-25,"44","1 wk inc flu hosp","6"
2023-11-25,"44","1 wk flu hosp rate change","stable"
2023-11-25,"45","1 wk inc flu hosp","133"
2023-11-25,"45","1 wk flu hosp rate change","increase"
2023-11-25,"46","1 wk inc flu hosp","7"
2023-11-25,"46","1 wk flu hosp rate change","stable"
2023-11-25,"47","1 wk inc flu hosp","98"
2023-11-25,"47","1 wk flu hosp rate change","stable"
2023-11-25,"48","1 wk inc flu hosp","546"
2023-11-25,"48","1 wk flu hosp rate change","stable"
2023-11-25,"US","1 wk inc flu hosp","5775"
2023-11-25,"US","1 wk flu hosp rate change","stable"
2023-11-25,"49","1 wk inc flu hosp","17"
2023-11-25,"49","1 wk flu hosp rate change","stable"
2023-11-25,"51","1 wk inc flu hosp","143"
2023-11-25,"51","1 wk flu hosp rate change","stable"
2023-11-25,"50","1 wk inc flu hosp","3"
2023-11-25,"50","1 wk flu hosp rate change","stable"
2023-11-25,"53","1 wk inc flu hosp","74"
2023-11-25,"53","1 wk flu hosp rate change","stable"
2023-11-25,"55","1 wk inc flu hosp","59"
2023-11-25,"55","1 wk flu hosp rate change","stable"
2023-11-25,"54","1 wk inc flu hosp","17"
2023-11-25,"54","1 wk flu hosp rate change","stable"
2023-11-25,"56","1 wk inc flu hosp","24"
2023-11-25,"56","1 wk flu hosp rate change","stable"
2023-11-18,"02","1 wk inc flu hosp","14"
2023-11-18,"02","1 wk flu hosp rate change","stable"
2023-11-18,"01","1 wk inc flu hosp","73"
2023-11-18,"01","1 wk flu hosp rate change","stable"
2023-11-18,"05","1 wk inc flu hosp","27"
2023-11-18,"05","1 wk flu hosp rate change","stable"
2023-11-18,"04","1 wk inc flu hosp","212"
2023-11-18,"04","1 wk flu hosp rate change","stable"
2023-11-18,"06","1 wk inc flu hosp","434"
2023-11-18,"06","1 wk flu hosp rate change","stable"
2023-11-18,"08","1 wk inc flu hosp","137"
2023-11-18,"08","1 wk flu hosp rate change","stable"
2023-11-18,"09","1 wk inc flu hosp","33"
2023-11-18,"09","1 wk flu hosp rate change","stable"
2023-11-18,"11","1 wk inc flu hosp","8"
2023-11-18,"11","1 wk flu hosp rate change","stable"
2023-11-18,"10","1 wk inc flu hosp","1"
2023-11-18,"10","1 wk flu hosp rate change","stable"
2023-11-18,"12","1 wk inc flu hosp","701"
2023-11-18,"12","1 wk flu hosp rate change","stable"
2023-11-18,"13","1 wk inc flu hosp","156"
2023-11-18,"13","1 wk flu hosp rate change","stable"
2023-11-18,"15","1 wk inc flu hosp","26"
2023-11-18,"15","1 wk flu hosp rate change","stable"
2023-11-18,"19","1 wk inc flu hosp","27"
2023-11-18,"19","1 wk flu hosp rate change","stable"
2023-11-18,"16","1 wk inc flu hosp","8"
2023-11-18,"16","1 wk flu hosp rate change","stable"
2023-11-18,"17","1 wk inc flu hosp","102"
2023-11-18,"17","1 wk flu hosp rate change","stable"
2023-11-18,"18","1 wk inc flu hosp","95"
2023-11-18,"18","1 wk flu hosp rate change","stable"
2023-11-18,"20","1 wk inc flu hosp","25"
2023-11-18,"20","1 wk flu hosp rate change","stable"
2023-11-18,"21","1 wk inc flu hosp","37"
2023-11-18,"21","1 wk flu hosp rate change","stable"
2023-11-18,"22","1 wk inc flu hosp","119"
2023-11-18,"22","1 wk flu hosp rate change","stable"
2023-11-18,"25","1 wk inc flu hosp","67"
2023-11-18,"25","1 wk flu hosp rate change","stable"
2023-11-18,"24","1 wk inc flu hosp","22"
2023-11-18,"24","1 wk flu hosp rate change","stable"
2023-11-18,"23","1 wk inc flu hosp","9"
2023-11-18,"23","1 wk flu hosp rate change","stable"
2023-11-18,"26","1 wk inc flu hosp","88"
2023-11-18,"26","1 wk flu hosp rate change","stable"
2023-11-18,"27","1 wk inc flu hosp","24"
2023-11-18,"27","1 wk flu hosp rate change","stable"
2023-11-18,"29","1 wk inc flu hosp","58"
2023-11-18,"29","1 wk flu hosp rate change","stable"
2023-11-18,"28","1 wk inc flu hosp","47"
2023-11-18,"28","1 wk flu hosp rate change","stable"
2023-11-18,"30","1 wk inc flu hosp","6"
2023-11-18,"30","1 wk flu hosp rate change","stable"
2023-11-18,"37","1 wk inc flu hosp","153"
2023-11-18,"37","1 wk flu hosp rate change","stable"
2023-11-18,"38","1 wk inc flu hosp","4"
2023-11-18,"38","1 wk flu hosp rate change","stable"
2023-11-18,"31","1 wk inc flu hosp","8"
2023-11-18,"31","1 wk flu hosp rate change","stable"
2023-11-18,"33","1 wk inc flu hosp","1"
2023-11-18,"33","1 wk flu hosp rate change","stable"
2023-11-18,"34","1 wk inc flu hosp","75"
2023-11-18,"34","1 wk flu hosp rate change","stable"
2023-11-18,"35","1 wk inc flu hosp","21"
2023-11-18,"35","1 wk flu hosp rate change","stable"
2023-11-18,"32","1 wk inc flu hosp","39"
2023-11-18,"32","1 wk flu hosp rate change","stable"
2023-11-18,"36","1 wk inc flu hosp","178"
2023-11-18,"36","1 wk flu hosp rate change","stable"
2023-11-18,"39","1 wk inc flu hosp","75"
2023-11-18,"39","1 wk flu hosp rate change","stable"
2023-11-18,"40","1 wk inc flu hosp","34"
2023-11-18,"40","1 wk flu hosp rate change","stable"
2023-11-18,"41","1 wk inc flu hosp","11"
2023-11-18,"41","1 wk flu hosp rate change","stable"
2023-11-18,"42","1 wk inc flu hosp","125"
2023-11-18,"42","1 wk flu hosp rate change","stable"
2023-11-18,"72","1 wk inc flu hosp","119"
2023-11-18,"72","1 wk flu hosp rate change","stable"
2023-11-18,"44","1 wk inc flu hosp","3"
2023-11-18,"44","1 wk flu hosp rate change","stable"
2023-11-18,"45","1 wk inc flu hosp","81"
2023-11-18,"45","1 wk flu hosp rate change","stable"
2023-11-18,"46","1 wk inc flu hosp","2"
2023-11-18,"46","1 wk flu hosp rate change","stable"
2023-11-18,"47","1 wk inc flu hosp","73"
2023-11-18,"47","1 wk flu hosp rate change","stable"
2023-11-18,"48","1 wk inc flu hosp","467"
2023-11-18,"48","1 wk flu hosp rate change","stable"
2023-11-18,"US","1 wk inc flu hosp","4259"
2023-11-18,"US","1 wk flu hosp rate change","stable"
2023-11-18,"49","1 wk inc flu hosp","10"
2023-11-18,"49","1 wk flu hosp rate change","stable"
2023-11-18,"51","1 wk inc flu hosp","115"
2023-11-18,"51","1 wk flu hosp rate change","stable"
2023-11-18,"50","1 wk inc flu hosp","3"
2023-11-18,"50","1 wk flu hosp rate change","stable"
2023-11-18,"53","1 wk inc flu hosp","36"
2023-11-18,"53","1 wk flu hosp rate change","stable"
2023-11-18,"55","1 wk inc flu hosp","34"
2023-11-18,"55","1 wk flu hosp rate change","stable"
2023-11-18,"54","1 wk inc flu hosp","13"
2023-11-18,"54","1 wk flu hosp rate change","stable"
2023-11-18,"56","1 wk inc flu hosp","23"
2023-11-18,"56","1 wk flu hosp rate change","large_increase"
2023-11-11,"02","1 wk inc flu hosp","17"
2023-11-11,"02","1 wk flu hosp rate change","large_decrease"
2023-11-11,"01","1 wk inc flu hosp","77"
2023-11-11,"01","1 wk flu hosp rate change","stable"
2023-11-11,"05","1 wk inc flu hosp","17"
2023-11-11,"05","1 wk flu hosp rate change","stable"
2023-11-11,"04","1 wk inc flu hosp","191"
2023-11-11,"04","1 wk flu hosp rate change","stable"
2023-11-11,"06","1 wk inc flu hosp","360"
2023-11-11,"06","1 wk flu hosp rate change","stable"
2023-11-11,"08","1 wk inc flu hosp","102"
2023-11-11,"08","1 wk flu hosp rate change","stable"
2023-11-11,"09","1 wk inc flu hosp","22"
2023-11-11,"09","1 wk flu hosp rate change","stable"
2023-11-11,"11","1 wk inc flu hosp","5"
2023-11-11,"11","1 wk flu hosp rate change","stable"
2023-11-11,"10","1 wk inc flu hosp","2"
2023-11-11,"10","1 wk flu hosp rate change","stable"
2023-11-11,"12","1 wk inc flu hosp","652"
2023-11-11,"12","1 wk flu hosp rate change","stable"
2023-11-11,"13","1 wk inc flu hosp","133"
2023-11-11,"13","1 wk flu hosp rate change","stable"
2023-11-11,"15","1 wk inc flu hosp","29"
2023-11-11,"15","1 wk flu hosp rate change","stable"
2023-11-11,"19","1 wk inc flu hosp","14"
2023-11-11,"19","1 wk flu hosp rate change","stable"
2023-11-11,"16","1 wk inc flu hosp","11"
2023-11-11,"16","1 wk flu hosp rate change","stable"
2023-11-11,"17","1 wk inc flu hosp","72"
2023-11-11,"17","1 wk flu hosp rate change","stable"
2023-11-11,"18","1 wk inc flu hosp","93"
2023-11-11,"18","1 wk flu hosp rate change","stable"
2023-11-11,"20","1 wk inc flu hosp","18"
2023-11-11,"20","1 wk flu hosp rate change","stable"
2023-11-11,"21","1 wk inc flu hosp","18"
2023-11-11,"21","1 wk flu hosp rate change","stable"
2023-11-11,"22","1 wk inc flu hosp","96"
2023-11-11,"22","1 wk flu hosp rate change","stable"
2023-11-11,"25","1 wk inc flu hosp","38"
2023-11-11,"25","1 wk flu hosp rate change","stable"
2023-11-11,"24","1 wk inc flu hosp","27"
2023-11-11,"24","1 wk flu hosp rate change","stable"
2023-11-11,"23","1 wk inc flu hosp","2"
2023-11-11,"23","1 wk flu hosp rate change","stable"
2023-11-11,"26","1 wk inc flu hosp","52"
2023-11-11,"26","1 wk flu hosp rate change","stable"
2023-11-11,"27","1 wk inc flu hosp","15"
2023-11-11,"27","1 wk flu hosp rate change","stable"
2023-11-11,"29","1 wk inc flu hosp","40"
2023-11-11,"29","1 wk flu hosp rate change","stable"
2023-11-11,"28","1 wk inc flu hosp","46"
2023-11-11,"28","1 wk flu hosp rate change","stable"
2023-11-11,"30","1 wk inc flu hosp","3"
2023-11-11,"30","1 wk flu hosp rate change","stable"
2023-11-11,"37","1 wk inc flu hosp","88"
2023-11-11,"37","1 wk flu hosp rate change","stable"
2023-11-11,"38","1 wk inc flu hosp","7"
2023-11-11,"38","1 wk flu hosp rate change","stable"
2023-11-11,"31","1 wk inc flu hosp","4"
2023-11-11,"31","1 wk flu hosp rate change","stable"
2023-11-11,"33","1 wk inc flu hosp","2"
2023-11-11,"33","1 wk flu hosp rate change","stable"
2023-11-11,"34","1 wk inc flu hosp","33"
2023-11-11,"34","1 wk flu hosp rate change","stable"
2023-11-11,"35","1 wk inc flu hosp","12"
2023-11-11,"35","1 wk flu hosp rate change","stable"
2023-11-11,"32","1 wk inc flu hosp","30"
2023-11-11,"32","1 wk flu hosp rate change","stable"
2023-11-11,"36","1 wk inc flu hosp","123"
2023-11-11,"36","1 wk flu hosp rate change","stable"
2023-11-11,"39","1 wk inc flu hosp","56"
2023-11-11,"39","1 wk flu hosp rate change","stable"
2023-11-11,"40","1 wk inc flu hosp","37"
2023-11-11,"40","1 wk flu hosp rate change","stable"
2023-11-11,"41","1 wk inc flu hosp","17"
2023-11-11,"41","1 wk flu hosp rate change","stable"
2023-11-11,"42","1 wk inc flu hosp","89"
2023-11-11,"42","1 wk flu hosp rate change","stable"
2023-11-11,"72","1 wk inc flu hosp","113"
2023-11-11,"72","1 wk flu hosp rate change","decrease"
2023-11-11,"44","1 wk inc flu hosp","0"
2023-11-11,"44","1 wk flu hosp rate change","stable"
2023-11-11,"45","1 wk inc flu hosp","63"
2023-11-11,"45","1 wk flu hosp rate change","stable"
2023-11-11,"46","1 wk inc flu hosp","1"
2023-11-11,"46","1 wk flu hosp rate change","stable"
2023-11-11,"47","1 wk inc flu hosp","57"
2023-11-11,"47","1 wk flu hosp rate change","stable"
2023-11-11,"48","1 wk inc flu hosp","373"
2023-11-11,"48","1 wk flu hosp rate change","stable"
2023-11-11,"US","1 wk inc flu hosp","3434"
2023-11-11,"US","1 wk flu hosp rate change","stable"
2023-11-11,"49","1 wk inc flu hosp","7"
2023-11-11,"49","1 wk flu hosp rate change","stable"
2023-11-11,"51","1 wk inc flu hosp","100"
2023-11-11,"51","1 wk flu hosp rate change","stable"
2023-11-11,"50","1 wk inc flu hosp","5"
2023-11-11,"50","1 wk flu hosp rate change","stable"
2023-11-11,"53","1 wk inc flu hosp","33"
2023-11-11,"53","1 wk flu hosp rate change","stable"
2023-11-11,"55","1 wk inc flu hosp","15"
2023-11-11,"55","1 wk flu hosp rate change","stable"
2023-11-11,"54","1 wk inc flu hosp","8"
2023-11-11,"54","1 wk flu hosp rate change","stable"
2023-11-11,"56","1 wk inc flu hosp","9"
2023-11-11,"56","1 wk flu hosp rate change","stable"
2023-11-04,"02","1 wk inc flu hosp","39"
2023-11-04,"02","1 wk flu hosp rate change","stable"
2023-11-04,"01","1 wk inc flu hosp","60"
2023-11-04,"01","1 wk flu hosp rate change","stable"
2023-11-04,"05","1 wk inc flu hosp","24"
2023-11-04,"05","1 wk flu hosp rate change","stable"
2023-11-04,"04","1 wk inc flu hosp","132"
2023-11-04,"04","1 wk flu hosp rate change","increase"
2023-11-04,"06","1 wk inc flu hosp","221"
2023-11-04,"06","1 wk flu hosp rate change","stable"
2023-11-04,"08","1 wk inc flu hosp","52"
2023-11-04,"08","1 wk flu hosp rate change","stable"
2023-11-04,"09","1 wk inc flu hosp","5"
2023-11-04,"09","1 wk flu hosp rate change","stable"
2023-11-04,"11","1 wk inc flu hosp","0"
2023-11-04,"11","1 wk flu hosp rate change","stable"
2023-11-04,"10","1 wk inc flu hosp","1"
2023-11-04,"10","1 wk flu hosp rate change","stable"
2023-11-04,"12","1 wk inc flu hosp","462"
2023-11-04,"12","1 wk flu hosp rate change","stable"
2023-11-04,"13","1 wk inc flu hosp","116"
2023-11-04,"13","1 wk flu hosp rate change","stable"
2023-11-04,"15","1 wk inc flu hosp","16"
2023-11-04,"15","1 wk flu hosp rate change","stable"
2023-11-04,"19","1 wk inc flu hosp","13"
2023-11-04,"19","1 wk flu hosp rate change","stable"
2023-11-04,"16","1 wk inc flu hosp","4"
2023-11-04,"16","1 wk flu hosp rate change","stable"
2023-11-04,"17","1 wk inc flu hosp","54"
2023-11-04,"17","1 wk flu hosp rate change","stable"
2023-11-04,"18","1 wk inc flu hosp","54"
2023-11-04,"18","1 wk flu hosp rate change","stable"
2023-11-04,"20","1 wk inc flu hosp","10"
2023-11-04,"20","1 wk flu hosp rate change","stable"
2023-11-04,"21","1 wk inc flu hosp","33"
2023-11-04,"21","1 wk flu hosp rate change","stable"
2023-11-04,"22","1 wk inc flu hosp","65"
2023-11-04,"22","1 wk flu hosp rate change","stable"
2023-11-04,"25","1 wk inc flu hosp","32"
2023-11-04,"25","1 wk flu hosp rate change","stable"
2023-11-04,"24","1 wk inc flu hosp","19"
2023-11-04,"24","1 wk flu hosp rate change","stable"
2023-11-04,"23","1 wk inc flu hosp","4"
2023-11-04,"23","1 wk flu hosp rate change","stable"
2023-11-04,"26","1 wk inc flu hosp","30"
2023-11-04,"26","1 wk flu hosp rate change","stable"
2023-11-04,"27","1 wk inc flu hosp","18"
2023-11-04,"27","1 wk flu hosp rate change","stable"
2023-11-04,"29","1 wk inc flu hosp","40"
2023-11-04,"29","1 wk flu hosp rate change","stable"
2023-11-04,"28","1 wk inc flu hosp","38"
2023-11-04,"28","1 wk flu hosp rate change","stable"
2023-11-04,"30","1 wk inc flu hosp","5"
2023-11-04,"30","1 wk flu hosp rate change","stable"
2023-11-04,"37","1 wk inc flu hosp","49"
2023-11-04,"37","1 wk flu hosp rate change","stable"
2023-11-04,"38","1 wk inc flu hosp","2"
2023-11-04,"38","1 wk flu hosp rate change","stable"
2023-11-04,"31","1 wk inc flu hosp","5"
2023-11-04,"31","1 wk flu hosp rate change","stable"
2023-11-04,"33","1 wk inc flu hosp","2"
2023-11-04,"33","1 wk flu hosp rate change","stable"
2023-11-04,"34","1 wk inc flu hosp","46"
2023-11-04,"34","1 wk flu hosp rate change","stable"
2023-11-04,"35","1 wk inc flu hosp","9"
2023-11-04,"35","1 wk flu hosp rate change","stable"
2023-11-04,"32","1 wk inc flu hosp","22"
2023-11-04,"32","1 wk flu hosp rate change","stable"
2023-11-04,"36","1 wk inc flu hosp","88"
2023-11-04,"36","1 wk flu hosp rate change","stable"
2023-11-04,"39","1 wk inc flu hosp","26"
2023-11-04,"39","1 wk flu hosp rate change","stable"
2023-11-04,"40","1 wk inc flu hosp","34"
2023-11-04,"40","1 wk flu hosp rate change","stable"
2023-11-04,"41","1 wk inc flu hosp","11"
2023-11-04,"41","1 wk flu hosp rate change","stable"
2023-11-04,"42","1 wk inc flu hosp","82"
2023-11-04,"42","1 wk flu hosp rate change","stable"
2023-11-04,"72","1 wk inc flu hosp","148"
2023-11-04,"72","1 wk flu hosp rate change","stable"
2023-11-04,"44","1 wk inc flu hosp","2"
2023-11-04,"44","1 wk flu hosp rate change","stable"
2023-11-04,"45","1 wk inc flu hosp","52"
2023-11-04,"45","1 wk flu hosp rate change","stable"
2023-11-04,"46","1 wk inc flu hosp","2"
2023-11-04,"46","1 wk flu hosp rate change","stable"
2023-11-04,"47","1 wk inc flu hosp","47"
2023-11-04,"47","1 wk flu hosp rate change","stable"
2023-11-04,"48","1 wk inc flu hosp","373"
2023-11-04,"48","1 wk flu hosp rate change","stable"
2023-11-04,"US","1 wk inc flu hosp","2702"
2023-11-04,"US","1 wk flu hosp rate change","stable"
2023-11-04,"49","1 wk inc flu hosp","5"
2023-11-04,"49","1 wk flu hosp rate change","stable"
2023-11-04,"51","1 wk inc flu hosp","92"
2023-11-04,"51","1 wk flu hosp rate change","stable"
2023-11-04,"50","1 wk inc flu hosp","2"
2023-11-04,"50","1 wk flu hosp rate change","stable"
2023-11-04,"53","1 wk inc flu hosp","17"
2023-11-04,"53","1 wk flu hosp rate change","stable"
2023-11-04,"55","1 wk inc flu hosp","20"
2023-11-04,"55","1 wk flu hosp rate change","stable"
2023-11-04,"54","1 wk inc flu hosp","14"
2023-11-04,"54","1 wk flu hosp rate change","stable"
2023-11-04,"56","1 wk inc flu hosp","5"
2023-11-04,"56","1 wk flu hosp rate change","stable"
2023-10-28,"02","1 wk inc flu hosp","33"
2023-10-28,"02","1 wk flu hosp rate change","stable"
2023-10-28,"01","1 wk inc flu hosp","37"
2023-10-28,"01","1 wk flu hosp rate change","stable"
2023-10-28,"05","1 wk inc flu hosp","18"
2023-10-28,"05","1 wk flu hosp rate change","stable"
2023-10-28,"04","1 wk inc flu hosp","51"
2023-10-28,"04","1 wk flu hosp rate change","stable"
2023-10-28,"06","1 wk inc flu hosp","97"
2023-10-28,"06","1 wk flu hosp rate change","stable"
2023-10-28,"08","1 wk inc flu hosp","31"
2023-10-28,"08","1 wk flu hosp rate change","stable"
2023-10-28,"09","1 wk inc flu hosp","12"
2023-10-28,"09","1 wk flu hosp rate change","stable"
2023-10-28,"11","1 wk inc flu hosp","0"
2023-10-28,"11","1 wk flu hosp rate change","stable"
2023-10-28,"10","1 wk inc flu hosp","1"
2023-10-28,"10","1 wk flu hosp rate change","stable"
2023-10-28,"12","1 wk inc flu hosp","444"
2023-10-28,"12","1 wk flu hosp rate change","stable"
2023-10-28,"13","1 wk inc flu hosp","60"
2023-10-28,"13","1 wk flu hosp rate change","stable"
2023-10-28,"15","1 wk inc flu hosp","14"
2023-10-28,"15","1 wk flu hosp rate change","stable"
2023-10-28,"19","1 wk inc flu hosp","10"
2023-10-28,"19","1 wk flu hosp rate change","stable"
2023-10-28,"16","1 wk inc flu hosp","5"
2023-10-28,"16","1 wk flu hosp rate change","stable"
2023-10-28,"17","1 wk inc flu hosp","34"
2023-10-28,"17","1 wk flu hosp rate change","stable"
2023-10-28,"18","1 wk inc flu hosp","42"
2023-10-28,"18","1 wk flu hosp rate change","stable"
2023-10-28,"20","1 wk inc flu hosp","6"
2023-10-28,"20","1 wk flu hosp rate change","stable"
2023-10-28,"21","1 wk inc flu hosp","21"
2023-10-28,"21","1 wk flu hosp rate change","stable"
2023-10-28,"22","1 wk inc flu hosp","40"
2023-10-28,"22","1 wk flu hosp rate change","stable"
2023-10-28,"25","1 wk inc flu hosp","33"
2023-10-28,"25","1 wk flu hosp rate change","stable"
2023-10-28,"24","1 wk inc flu hosp","15"
2023-10-28,"24","1 wk flu hosp rate change","stable"
2023-10-28,"23","1 wk inc flu hosp","1"
2023-10-28,"23","1 wk flu hosp rate change","stable"
2023-10-28,"26","1 wk inc flu hosp","34"
2023-10-28,"26","1 wk flu hosp rate change","stable"
2023-10-28,"27","1 wk inc flu hosp","9"
2023-10-28,"27","1 wk flu hosp rate change","stable"
2023-10-28,"29","1 wk inc flu hosp","24"
2023-10-28,"29","1 wk flu hosp rate change","stable"
2023-10-28,"28","1 wk inc flu hosp","30"
2023-10-28,"28","1 wk flu hosp rate change","stable"
2023-10-28,"30","1 wk inc flu hosp","1"
2023-10-28,"30","1 wk flu hosp rate change","stable"
2023-10-28,"37","1 wk inc flu hosp","40"
2023-10-28,"37","1 wk flu hosp rate change","stable"
2023-10-28,"38","1 wk inc flu hosp","0"
2023-10-28,"38","1 wk flu hosp rate change","stable"
2023-10-28,"31","1 wk inc flu hosp","5"
2023-10-28,"31","1 wk flu hosp rate change","stable"
2023-10-28,"33","1 wk inc flu hosp","2"
2023-10-28,"33","1 wk flu hosp rate change","stable"
2023-10-28,"34","1 wk inc flu hosp","26"
2023-10-28,"34","1 wk flu hosp rate change","stable"
2023-10-28,"35","1 wk inc flu hosp","10"
2023-10-28,"35","1 wk flu hosp rate change","stable"
2023-10-28,"32","1 wk inc flu hosp","13"
2023-10-28,"32","1 wk flu hosp rate change","stable"
2023-10-28,"36","1 wk inc flu hosp","57"
2023-10-28,"36","1 wk flu hosp rate change","stable"
2023-10-28,"39","1 wk inc flu hosp","21"
2023-10-28,"39","1 wk flu hosp rate change","stable"
2023-10-28,"40","1 wk inc flu hosp","18"
2023-10-28,"40","1 wk flu hosp rate change","stable"
2023-10-28,"41","1 wk inc flu hosp","6"
2023-10-28,"41","1 wk flu hosp rate change","stable"
2023-10-28,"42","1 wk inc flu hosp","39"
2023-10-28,"42","1 wk flu hosp rate change","stable"
2023-10-28,"72","1 wk inc flu hosp","144"
2023-10-28,"72","1 wk flu hosp rate change","stable"
2023-10-28,"44","1 wk inc flu hosp","0"
2023-10-28,"44","1 wk flu hosp rate change","stable"
2023-10-28,"45","1 wk inc flu hosp","45"
2023-10-28,"45","1 wk flu hosp rate change","stable"
2023-10-28,"46","1 wk inc flu hosp","1"
2023-10-28,"46","1 wk flu hosp rate change","stable"
2023-10-28,"47","1 wk inc flu hosp","44"
2023-10-28,"47","1 wk flu hosp rate change","stable"
2023-10-28,"48","1 wk inc flu hosp","305"
2023-10-28,"48","1 wk flu hosp rate change","stable"
2023-10-28,"US","1 wk inc flu hosp","1980"
2023-10-28,"US","1 wk flu hosp rate change","stable"
2023-10-28,"49","1 wk inc flu hosp","9"
2023-10-28,"49","1 wk flu hosp rate change","stable"
2023-10-28,"51","1 wk inc flu hosp","51"
2023-10-28,"51","1 wk flu hosp rate change","stable"
2023-10-28,"50","1 wk inc flu hosp","0"
2023-10-28,"50","1 wk flu hosp rate change","stable"
2023-10-28,"53","1 wk inc flu hosp","17"
2023-10-28,"53","1 wk flu hosp rate change","stable"
2023-10-28,"55","1 wk inc flu hosp","16"
2023-10-28,"55","1 wk flu hosp rate change","stable"
2023-10-28,"54","1 wk inc flu hosp","7"
2023-10-28,"54","1 wk flu hosp rate change","stable"
2023-10-28,"56","1 wk inc flu hosp","1"
2023-10-28,"56","1 wk flu hosp rate change","stable"
2023-10-21,"02","1 wk inc flu hosp","30"
2023-10-21,"02","1 wk flu hosp rate change","stable"
2023-10-21,"01","1 wk inc flu hosp","32"
2023-10-21,"01","1 wk flu hosp rate change","stable"
2023-10-21,"05","1 wk inc flu hosp","13"
2023-10-21,"05","1 wk flu hosp rate change","stable"
2023-10-21,"04","1 wk inc flu hosp","49"
2023-10-21,"04","1 wk flu hosp rate change","stable"
2023-10-21,"06","1 wk inc flu hosp","76"
2023-10-21,"06","1 wk flu hosp rate change","stable"
2023-10-21,"08","1 wk inc flu hosp","19"
2023-10-21,"08","1 wk flu hosp rate change","stable"
2023-10-21,"09","1 wk inc flu hosp","7"
2023-10-21,"09","1 wk flu hosp rate change","stable"
2023-10-21,"11","1 wk inc flu hosp","1"
2023-10-21,"11","1 wk flu hosp rate change","stable"
2023-10-21,"10","1 wk inc flu hosp","1"
2023-10-21,"10","1 wk flu hosp rate change","stable"
2023-10-21,"12","1 wk inc flu hosp","313"
2023-10-21,"12","1 wk flu hosp rate change","stable"
2023-10-21,"13","1 wk inc flu hosp","40"
2023-10-21,"13","1 wk flu hosp rate change","stable"
2023-10-21,"15","1 wk inc flu hosp","13"
2023-10-21,"15","1 wk flu hosp rate change","stable"
2023-10-21,"19","1 wk inc flu hosp","4"
2023-10-21,"19","1 wk flu hosp rate change","stable"
2023-10-21,"16","1 wk inc flu hosp","4"
2023-10-21,"16","1 wk flu hosp rate change","stable"
2023-10-21,"17","1 wk inc flu hosp","20"
2023-10-21,"17","1 wk flu hosp rate change","stable"
2023-10-21,"18","1 wk inc flu hosp","33"
2023-10-21,"18","1 wk flu hosp rate change","stable"
2023-10-21,"20","1 wk inc flu hosp","5"
2023-10-21,"20","1 wk flu hosp rate change","stable"
2023-10-21,"21","1 wk inc flu hosp","23"
2023-10-21,"21","1 wk flu hosp rate change","stable"
2023-10-21,"22","1 wk inc flu hosp","46"
2023-10-21,"22","1 wk flu hosp rate change","stable"
2023-10-21,"25","1 wk inc flu hosp","28"
2023-10-21,"25","1 wk flu hosp rate change","stable"
2023-10-21,"24","1 wk inc flu hosp","10"
2023-10-21,"24","1 wk flu hosp rate change","stable"
2023-10-21,"23","1 wk inc flu hosp","4"
2023-10-21,"23","1 wk flu hosp rate change","stable"
2023-10-21,"26","1 wk inc flu hosp","12"
2023-10-21,"26","1 wk flu hosp rate change","stable"
2023-10-21,"27","1 wk inc flu hosp","4"
2023-10-21,"27","1 wk flu hosp rate change","stable"
2023-10-21,"29","1 wk inc flu hosp","17"
2023-10-21,"29","1 wk flu hosp rate change","stable"
2023-10-21,"28","1 wk inc flu hosp","18"
2023-10-21,"28","1 wk flu hosp rate change","stable"
2023-10-21,"30","1 wk inc flu hosp","0"
2023-10-21,"30","1 wk flu hosp rate change","stable"
2023-10-21,"37","1 wk inc flu hosp","20"
2023-10-21,"37","1 wk flu hosp rate change","stable"
2023-10-21,"38","1 wk inc flu hosp","1"
2023-10-21,"38","1 wk flu hosp rate change","stable"
2023-10-21,"31","1 wk inc flu hosp","7"
2023-10-21,"31","1 wk flu hosp rate change","stable"
2023-10-21,"33","1 wk inc flu hosp","2"
2023-10-21,"33","1 wk flu hosp rate change","stable"
2023-10-21,"34","1 wk inc flu hosp","44"
2023-10-21,"34","1 wk flu hosp rate change","stable"
2023-10-21,"35","1 wk inc flu hosp","2"
2023-10-21,"35","1 wk flu hosp rate change","stable"
2023-10-21,"32","1 wk inc flu hosp","8"
2023-10-21,"32","1 wk flu hosp rate change","stable"
2023-10-21,"36","1 wk inc flu hosp","48"
2023-10-21,"36","1 wk flu hosp rate change","stable"
2023-10-21,"39","1 wk inc flu hosp","17"
2023-10-21,"39","1 wk flu hosp rate change","stable"
2023-10-21,"40","1 wk inc flu hosp","10"
2023-10-21,"40","1 wk flu hosp rate change","stable"
2023-10-21,"41","1 wk inc flu hosp","14"
2023-10-21,"41","1 wk flu hosp rate change","stable"
2023-10-21,"42","1 wk inc flu hosp","50"
2023-10-21,"42","1 wk flu hosp rate change","stable"
2023-10-21,"72","1 wk inc flu hosp","164"
2023-10-21,"72","1 wk flu hosp rate change","increase"
2023-10-21,"44","1 wk inc flu hosp","1"
2023-10-21,"44","1 wk flu hosp rate change","stable"
2023-10-21,"45","1 wk inc flu hosp","21"
2023-10-21,"45","1 wk flu hosp rate change","stable"
2023-10-21,"46","1 wk inc flu hosp","3"
2023-10-21,"46","1 wk flu hosp rate change","stable"
2023-10-21,"47","1 wk inc flu hosp","44"
2023-10-21,"47","1 wk flu hosp rate change","stable"
2023-10-21,"48","1 wk inc flu hosp","246"
2023-10-21,"48","1 wk flu hosp rate change","stable"
2023-10-21,"US","1 wk inc flu hosp","1609"
2023-10-21,"US","1 wk flu hosp rate change","stable"
2023-10-21,"49","1 wk inc flu hosp","5"
2023-10-21,"49","1 wk flu hosp rate change","stable"
2023-10-21,"51","1 wk inc flu hosp","61"
2023-10-21,"51","1 wk flu hosp rate change","stable"
2023-10-21,"50","1 wk inc flu hosp","0"
2023-10-21,"50","1 wk flu hosp rate change","stable"
2023-10-21,"53","1 wk inc flu hosp","8"
2023-10-21,"53","1 wk flu hosp rate change","stable"
2023-10-21,"55","1 wk inc flu hosp","7"
2023-10-21,"55","1 wk flu hosp rate change","stable"
2023-10-21,"54","1 wk inc flu hosp","4"
2023-10-21,"54","1 wk flu hosp rate change","stable"
2023-10-21,"56","1 wk inc flu hosp","0"
2023-10-21,"56","1 wk flu hosp rate change","stable"
2023-10-14,"02","1 wk inc flu hosp","21"
2023-10-14,"02","1 wk flu hosp rate change","stable"
2023-10-14,"01","1 wk inc flu hosp","30"
2023-10-14,"01","1 wk flu hosp rate change","stable"
2023-10-14,"05","1 wk inc flu hosp","18"
2023-10-14,"05","1 wk flu hosp rate change","stable"
2023-10-14,"04","1 wk inc flu hosp","52"
2023-10-14,"04","1 wk flu hosp rate change","stable"
2023-10-14,"06","1 wk inc flu hosp","51"
2023-10-14,"06","1 wk flu hosp rate change","stable"
2023-10-14,"08","1 wk inc flu hosp","16"
2023-10-14,"08","1 wk flu hosp rate change","stable"
2023-10-14,"09","1 wk inc flu hosp","1"
2023-10-14,"09","1 wk flu hosp rate change","stable"
2023-10-14,"11","1 wk inc flu hosp","4"
2023-10-14,"11","1 wk flu hosp rate change","stable"
2023-10-14,"10","1 wk inc flu hosp","1"
2023-10-14,"10","1 wk flu hosp rate change","stable"
2023-10-14,"12","1 wk inc flu hosp","292"
2023-10-14,"12","1 wk flu hosp rate change","stable"
2023-10-14,"13","1 wk inc flu hosp","31"
2023-10-14,"13","1 wk flu hosp rate change","stable"
2023-10-14,"15","1 wk inc flu hosp","13"
2023-10-14,"15","1 wk flu hosp rate change","stable"
2023-10-14,"19","1 wk inc flu hosp","4"
2023-10-14,"19","1 wk flu hosp rate change","stable"
2023-10-14,"16","1 wk inc flu hosp","2"
2023-10-14,"16","1 wk flu hosp rate change","stable"
2023-10-14,"17","1 wk inc flu hosp","27"
2023-10-14,"17","1 wk flu hosp rate change","stable"
2023-10-14,"18","1 wk inc flu hosp","25"
2023-10-14,"18","1 wk flu hosp rate change","stable"
2023-10-14,"20","1 wk inc flu hosp","7"
2023-10-14,"20","1 wk flu hosp rate change","stable"
2023-10-14,"21","1 wk inc flu hosp","20"
2023-10-14,"21","1 wk flu hosp rate change","stable"
2023-10-14,"22","1 wk inc flu hosp","31"
2023-10-14,"22","1 wk flu hosp rate change","stable"
2023-10-14,"25","1 wk inc flu hosp","14"
2023-10-14,"25","1 wk flu hosp rate change","stable"
2023-10-14,"24","1 wk inc flu hosp","9"
2023-10-14,"24","1 wk flu hosp rate change","stable"
2023-10-14,"23","1 wk inc flu hosp","2"
2023-10-14,"23","1 wk flu hosp rate change","stable"
2023-10-14,"26","1 wk inc flu hosp","21"
2023-10-14,"26","1 wk flu hosp rate change","stable"
2023-10-14,"27","1 wk inc flu hosp","4"
2023-10-14,"27","1 wk flu hosp rate change","stable"
2023-10-14,"29","1 wk inc flu hosp","17"
2023-10-14,"29","1 wk flu hosp rate change","stable"
2023-10-14,"28","1 wk inc flu hosp","20"
2023-10-14,"28","1 wk flu hosp rate change","stable"
2023-10-14,"30","1 wk inc flu hosp","1"
2023-10-14,"30","1 wk flu hosp rate change","stable"
2023-10-14,"37","1 wk inc flu hosp","17"
2023-10-14,"37","1 wk flu hosp rate change","stable"
2023-10-14,"38","1 wk inc flu hosp","1"
2023-10-14,"38","1 wk flu hosp rate change","stable"
2023-10-14,"31","1 wk inc flu hosp","8"
2023-10-14,"31","1 wk flu hosp rate change","stable"
2023-10-14,"33","1 wk inc flu hosp","0"
2023-10-14,"33","1 wk flu hosp rate change","stable"
2023-10-14,"34","1 wk inc flu hosp","33"
2023-10-14,"34","1 wk flu hosp rate change","stable"
2023-10-14,"35","1 wk inc flu hosp","2"
2023-10-14,"35","1 wk flu hosp rate change","stable"
2023-10-14,"32","1 wk inc flu hosp","7"
2023-10-14,"32","1 wk flu hosp rate change","stable"
2023-10-14,"36","1 wk inc flu hosp","37"
2023-10-14,"36","1 wk flu hosp rate change","stable"
2023-10-14,"39","1 wk inc flu hosp","25"
2023-10-14,"39","1 wk flu hosp rate change","stable"
2023-10-14,"40","1 wk inc flu hosp","22"
2023-10-14,"40","1 wk flu hosp rate change","stable"
2023-10-14,"41","1 wk inc flu hosp","8"
2023-10-14,"41","1 wk flu hosp rate change","stable"
2023-10-14,"42","1 wk inc flu hosp","43"
2023-10-14,"42","1 wk flu hosp rate change","stable"
2023-10-14,"72","1 wk inc flu hosp","112"
2023-10-14,"72","1 wk flu hosp rate change","stable"
2023-10-14,"44","1 wk inc flu hosp","0"
2023-10-14,"44","1 wk flu hosp rate change","stable"
2023-10-14,"45","1 wk inc flu hosp","32"
2023-10-14,"45","1 wk flu hosp rate change","stable"
2023-10-14,"46","1 wk inc flu hosp","2"
2023-10-14,"46","1 wk flu hosp rate change","stable"
2023-10-14,"47","1 wk inc flu hosp","43"
2023-10-14,"47","1 wk flu hosp rate change","stable"
2023-10-14,"48","1 wk inc flu hosp","242"
2023-10-14,"48","1 wk flu hosp rate change","stable"
2023-10-14,"US","1 wk inc flu hosp","1474"
2023-10-14,"US","1 wk flu hosp rate change","stable"
2023-10-14,"49","1 wk inc flu hosp","9"
2023-10-14,"49","1 wk flu hosp rate change","stable"
2023-10-14,"51","1 wk inc flu hosp","72"
2023-10-14,"51","1 wk flu hosp rate change","stable"
2023-10-14,"50","1 wk inc flu hosp","2"
2023-10-14,"50","1 wk flu hosp rate change","stable"
2023-10-14,"53","1 wk inc flu hosp","11"
2023-10-14,"53","1 wk flu hosp rate change","stable"
2023-10-14,"55","1 wk inc flu hosp","4"
2023-10-14,"55","1 wk flu hosp rate change","stable"
2023-10-14,"54","1 wk inc flu hosp","3"
2023-10-14,"54","1 wk flu hosp rate change","stable"
2023-10-14,"56","1 wk inc flu hosp","5"
2023-10-14,"56","1 wk flu hosp rate change","stable"
2023-10-07,"02","1 wk inc flu hosp","14"
2023-10-07,"02","1 wk flu hosp rate change","stable"
2023-10-07,"01","1 wk inc flu hosp","26"
2023-10-07,"01","1 wk flu hosp rate change","stable"
2023-10-07,"05","1 wk inc flu hosp","15"
2023-10-07,"05","1 wk flu hosp rate change","stable"
2023-10-07,"04","1 wk inc flu hosp","21"
2023-10-07,"04","1 wk flu hosp rate change","stable"
2023-10-07,"06","1 wk inc flu hosp","61"
2023-10-07,"06","1 wk flu hosp rate change","stable"
2023-10-07,"08","1 wk inc flu hosp","15"
2023-10-07,"08","1 wk flu hosp rate change","stable"
2023-10-07,"09","1 wk inc flu hosp","3"
2023-10-07,"09","1 wk flu hosp rate change","stable"
2023-10-07,"11","1 wk inc flu hosp","2"
2023-10-07,"11","1 wk flu hosp rate change","stable"
2023-10-07,"10","1 wk inc flu hosp","0"
2023-10-07,"10","1 wk flu hosp rate change","stable"
2023-10-07,"12","1 wk inc flu hosp","215"
2023-10-07,"12","1 wk flu hosp rate change","stable"
2023-10-07,"13","1 wk inc flu hosp","39"
2023-10-07,"13","1 wk flu hosp rate change","stable"
2023-10-07,"15","1 wk inc flu hosp","15"
2023-10-07,"15","1 wk flu hosp rate change","stable"
2023-10-07,"19","1 wk inc flu hosp","1"
2023-10-07,"19","1 wk flu hosp rate change","stable"
2023-10-07,"16","1 wk inc flu hosp","2"
2023-10-07,"16","1 wk flu hosp rate change","stable"
2023-10-07,"17","1 wk inc flu hosp","18"
2023-10-07,"17","1 wk flu hosp rate change","stable"
2023-10-07,"18","1 wk inc flu hosp","23"
2023-10-07,"18","1 wk flu hosp rate change","stable"
2023-10-07,"20","1 wk inc flu hosp","4"
2023-10-07,"20","1 wk flu hosp rate change","stable"
2023-10-07,"21","1 wk inc flu hosp","23"
2023-10-07,"21","1 wk flu hosp rate change","stable"
2023-10-07,"22","1 wk inc flu hosp","28"
2023-10-07,"22","1 wk flu hosp rate change","stable"
2023-10-07,"25","1 wk inc flu hosp","16"
2023-10-07,"25","1 wk flu hosp rate change","stable"
2023-10-07,"24","1 wk inc flu hosp","3"
2023-10-07,"24","1 wk flu hosp rate change","stable"
2023-10-07,"23","1 wk inc flu hosp","4"
2023-10-07,"23","1 wk flu hosp rate change","stable"
2023-10-07,"26","1 wk inc flu hosp","20"
2023-10-07,"26","1 wk flu hosp rate change","stable"
2023-10-07,"27","1 wk inc flu hosp","6"
2023-10-07,"27","1 wk flu hosp rate change","stable"
2023-10-07,"29","1 wk inc flu hosp","25"
2023-10-07,"29","1 wk flu hosp rate change","stable"
2023-10-07,"28","1 wk inc flu hosp","22"
2023-10-07,"28","1 wk flu hosp rate change","stable"
2023-10-07,"30","1 wk inc flu hosp","0"
2023-10-07,"30","1 wk flu hosp rate change","stable"
2023-10-07,"37","1 wk inc flu hosp","20"
2023-10-07,"37","1 wk flu hosp rate change","stable"
2023-10-07,"38","1 wk inc flu hosp","1"
2023-10-07,"38","1 wk flu hosp rate change","stable"
2023-10-07,"31","1 wk inc flu hosp","9"
2023-10-07,"31","1 wk flu hosp rate change","stable"
2023-10-07,"33","1 wk inc flu hosp","0"
2023-10-07,"33","1 wk flu hosp rate change","stable"
2023-10-07,"34","1 wk inc flu hosp","13"
2023-10-07,"34","1 wk flu hosp rate change","stable"
2023-10-07,"35","1 wk inc flu hosp","4"
2023-10-07,"35","1 wk flu hosp rate change","stable"
2023-10-07,"32","1 wk inc flu hosp","6"
2023-10-07,"32","1 wk flu hosp rate change","stable"
2023-10-07,"36","1 wk inc flu hosp","26"
2023-10-07,"36","1 wk flu hosp rate change","stable"
2023-10-07,"39","1 wk inc flu hosp","21"
2023-10-07,"39","1 wk flu hosp rate change","stable"
2023-10-07,"40","1 wk inc flu hosp","39"
2023-10-07,"40","1 wk flu hosp rate change","stable"
2023-10-07,"41","1 wk inc flu hosp","6"
2023-10-07,"41","1 wk flu hosp rate change","stable"
2023-10-07,"42","1 wk inc flu hosp","42"
2023-10-07,"42","1 wk flu hosp rate change","stable"
2023-10-07,"72","1 wk inc flu hosp","103"
2023-10-07,"72","1 wk flu hosp rate change","stable"
2023-10-07,"44","1 wk inc flu hosp","1"
2023-10-07,"44","1 wk flu hosp rate change","stable"
2023-10-07,"45","1 wk inc flu hosp","26"
2023-10-07,"45","1 wk flu hosp rate change","stable"
2023-10-07,"46","1 wk inc flu hosp","0"
2023-10-07,"46","1 wk flu hosp rate change","stable"
2023-10-07,"47","1 wk inc flu hosp","32"
2023-10-07,"47","1 wk flu hosp rate change","stable"
2023-10-07,"48","1 wk inc flu hosp","168"
2023-10-07,"48","1 wk flu hosp rate change","stable"
2023-10-07,"US","1 wk inc flu hosp","1218"
2023-10-07,"US","1 wk flu hosp rate change","stable"
2023-10-07,"49","1 wk inc flu hosp","3"
2023-10-07,"49","1 wk flu hosp rate change","stable"
2023-10-07,"51","1 wk inc flu hosp","54"
2023-10-07,"51","1 wk flu hosp rate change","stable"
2023-10-07,"50","1 wk inc flu hosp","0"
2023-10-07,"50","1 wk flu hosp rate change","stable"
2023-10-07,"53","1 wk inc flu hosp","13"
2023-10-07,"53","1 wk flu hosp rate change","stable"
2023-10-07,"55","1 wk inc flu hosp","3"
2023-10-07,"55","1 wk flu hosp rate change","stable"
2023-10-07,"54","1 wk inc flu hosp","3"
2023-10-07,"54","1 wk flu hosp rate change","stable"
2023-10-07,"56","1 wk inc flu hosp","4"
2023-10-07,"56","1 wk flu hosp rate change","stable"
2023-09-30,"02","1 wk inc flu hosp","10"
2023-09-30,"02","1 wk flu hosp rate change","stable"
2023-09-30,"01","1 wk inc flu hosp","20"
2023-09-30,"01","1 wk flu hosp rate change","stable"
2023-09-30,"05","1 wk inc flu hosp","17"
2023-09-30,"05","1 wk flu hosp rate change","stable"
2023-09-30,"04","1 wk inc flu hosp","16"
2023-09-30,"04","1 wk flu hosp rate change","stable"
2023-09-30,"06","1 wk inc flu hosp","45"
2023-09-30,"06","1 wk flu hosp rate change","stable"
2023-09-30,"08","1 wk inc flu hosp","10"
2023-09-30,"08","1 wk flu hosp rate change","stable"
2023-09-30,"09","1 wk inc flu hosp","4"
2023-09-30,"09","1 wk flu hosp rate change","stable"
2023-09-30,"11","1 wk inc flu hosp","2"
2023-09-30,"11","1 wk flu hosp rate change","stable"
2023-09-30,"10","1 wk inc flu hosp","2"
2023-09-30,"10","1 wk flu hosp rate change","stable"
2023-09-30,"12","1 wk inc flu hosp","230"
2023-09-30,"12","1 wk flu hosp rate change","stable"
2023-09-30,"13","1 wk inc flu hosp","35"
2023-09-30,"13","1 wk flu hosp rate change","stable"
2023-09-30,"15","1 wk inc flu hosp","10"
2023-09-30,"15","1 wk flu hosp rate change","stable"
2023-09-30,"19","1 wk inc flu hosp","3"
2023-09-30,"19","1 wk flu hosp rate change","stable"
2023-09-30,"16","1 wk inc flu hosp","4"
2023-09-30,"16","1 wk flu hosp rate change","stable"
2023-09-30,"17","1 wk inc flu hosp","19"
2023-09-30,"17","1 wk flu hosp rate change","stable"
2023-09-30,"18","1 wk inc flu hosp","8"
2023-09-30,"18","1 wk flu hosp rate change","stable"
2023-09-30,"20","1 wk inc flu hosp","10"
2023-09-30,"20","1 wk flu hosp rate change","stable"
2023-09-30,"21","1 wk inc flu hosp","12"
2023-09-30,"21","1 wk flu hosp rate change","stable"
2023-09-30,"22","1 wk inc flu hosp","19"
2023-09-30,"22","1 wk flu hosp rate change","stable"
2023-09-30,"25","1 wk inc flu hosp","14"
2023-09-30,"25","1 wk flu hosp rate change","stable"
2023-09-30,"24","1 wk inc flu hosp","3"
2023-09-30,"24","1 wk flu hosp rate change","stable"
2023-09-30,"23","1 wk inc flu hosp","5"
2023-09-30,"23","1 wk flu hosp rate change","stable"
2023-09-30,"26","1 wk inc flu hosp","17"
2023-09-30,"26","1 wk flu hosp rate change","stable"
2023-09-30,"27","1 wk inc flu hosp","3"
2023-09-30,"27","1 wk flu hosp rate change","stable"
2023-09-30,"29","1 wk inc flu hosp","24"
2023-09-30,"29","1 wk flu hosp rate change","stable"
2023-09-30,"28","1 wk inc flu hosp","29"
2023-09-30,"28","1 wk flu hosp rate change","stable"
2023-09-30,"30","1 wk inc flu hosp","0"
2023-09-30,"30","1 wk flu hosp rate change","stable"
2023-09-30,"37","1 wk inc flu hosp","37"
2023-09-30,"37","1 wk flu hosp rate change","stable"
2023-09-30,"38","1 wk inc flu hosp","0"
2023-09-30,"38","1 wk flu hosp rate change","stable"
2023-09-30,"31","1 wk inc flu hosp","5"
2023-09-30,"31","1 wk flu hosp rate change","stable"
2023-09-30,"33","1 wk inc flu hosp","2"
2023-09-30,"33","1 wk flu hosp rate change","stable"
2023-09-30,"34","1 wk inc flu hosp","17"
2023-09-30,"34","1 wk flu hosp rate change","stable"
2023-09-30,"35","1 wk inc flu hosp","6"
2023-09-30,"35","1 wk flu hosp rate change","stable"
2023-09-30,"32","1 wk inc flu hosp","5"
2023-09-30,"32","1 wk flu hosp rate change","stable"
2023-09-30,"36","1 wk inc flu hosp","37"
2023-09-30,"36","1 wk flu hosp rate change","stable"
2023-09-30,"39","1 wk inc flu hosp","18"
2023-09-30,"39","1 wk flu hosp rate change","stable"
2023-09-30,"40","1 wk inc flu hosp","15"
2023-09-30,"40","1 wk flu hosp rate change","stable"
2023-09-30,"41","1 wk inc flu hosp","6"
2023-09-30,"41","1 wk flu hosp rate change","stable"
2023-09-30,"42","1 wk inc flu hosp","41"
2023-09-30,"42","1 wk flu hosp rate change","stable"
2023-09-30,"72","1 wk inc flu hosp","109"
2023-09-30,"72","1 wk flu hosp rate change","stable"
2023-09-30,"44","1 wk inc flu hosp","1"
2023-09-30,"44","1 wk flu hosp rate change","stable"
2023-09-30,"45","1 wk inc flu hosp","22"
2023-09-30,"45","1 wk flu hosp rate change","stable"
2023-09-30,"46","1 wk inc flu hosp","0"
2023-09-30,"46","1 wk flu hosp rate change","stable"
2023-09-30,"47","1 wk inc flu hosp","29"
2023-09-30,"47","1 wk flu hosp rate change","stable"
2023-09-30,"48","1 wk inc flu hosp","112"
2023-09-30,"48","1 wk flu hosp rate change","stable"
2023-09-30,"US","1 wk inc flu hosp","1109"
2023-09-30,"US","1 wk flu hosp rate change","stable"
2023-09-30,"49","1 wk inc flu hosp","4"
2023-09-30,"49","1 wk flu hosp rate change","stable"
2023-09-30,"51","1 wk inc flu hosp","50"
2023-09-30,"51","1 wk flu hosp rate change","stable"
2023-09-30,"50","1 wk inc flu hosp","0"
2023-09-30,"50","1 wk flu hosp rate change","stable"
2023-09-30,"53","1 wk inc flu hosp","4"
2023-09-30,"53","1 wk flu hosp rate change","stable"
2023-09-30,"55","1 wk inc flu hosp","10"
2023-09-30,"55","1 wk flu hosp rate change","stable"
2023-09-30,"54","1 wk inc flu hosp","2"
2023-09-30,"54","1 wk flu hosp rate change","stable"
2023-09-30,"56","1 wk inc flu hosp","6"
2023-09-30,"56","1 wk flu hosp rate change","stable"
2023-09-23,"02","1 wk inc flu hosp","7"
2023-09-23,"02","1 wk flu hosp rate change","stable"
2023-09-23,"01","1 wk inc flu hosp","23"
2023-09-23,"01","1 wk flu hosp rate change","stable"
2023-09-23,"05","1 wk inc flu hosp","10"
2023-09-23,"05","1 wk flu hosp rate change","stable"
2023-09-23,"04","1 wk inc flu hosp","21"
2023-09-23,"04","1 wk flu hosp rate change","stable"
2023-09-23,"06","1 wk inc flu hosp","47"
2023-09-23,"06","1 wk flu hosp rate change","stable"
2023-09-23,"08","1 wk inc flu hosp","12"
2023-09-23,"08","1 wk flu hosp rate change","stable"
2023-09-23,"09","1 wk inc flu hosp","8"
2023-09-23,"09","1 wk flu hosp rate change","stable"
2023-09-23,"11","1 wk inc flu hosp","0"
2023-09-23,"11","1 wk flu hosp rate change","stable"
2023-09-23,"10","1 wk inc flu hosp","0"
2023-09-23,"10","1 wk flu hosp rate change","stable"
2023-09-23,"12","1 wk inc flu hosp","178"
2023-09-23,"12","1 wk flu hosp rate change","stable"
2023-09-23,"13","1 wk inc flu hosp","38"
2023-09-23,"13","1 wk flu hosp rate change","stable"
2023-09-23,"15","1 wk inc flu hosp","10"
2023-09-23,"15","1 wk flu hosp rate change","stable"
2023-09-23,"19","1 wk inc flu hosp","4"
2023-09-23,"19","1 wk flu hosp rate change","stable"
2023-09-23,"16","1 wk inc flu hosp","2"
2023-09-23,"16","1 wk flu hosp rate change","stable"
2023-09-23,"17","1 wk inc flu hosp","18"
2023-09-23,"17","1 wk flu hosp rate change","stable"
2023-09-23,"18","1 wk inc flu hosp","13"
2023-09-23,"18","1 wk flu hosp rate change","stable"
2023-09-23,"20","1 wk inc flu hosp","6"
2023-09-23,"20","1 wk flu hosp rate change","stable"
2023-09-23,"21","1 wk inc flu hosp","14"
2023-09-23,"21","1 wk flu hosp rate change","stable"
2023-09-23,"22","1 wk inc flu hosp","16"
2023-09-23,"22","1 wk flu hosp rate change","stable"
2023-09-23,"25","1 wk inc flu hosp","16"
2023-09-23,"25","1 wk flu hosp rate change","stable"
2023-09-23,"24","1 wk inc flu hosp","4"
2023-09-23,"24","1 wk flu hosp rate change","stable"
2023-09-23,"23","1 wk inc flu hosp","0"
2023-09-23,"23","1 wk flu hosp rate change","stable"
2023-09-23,"26","1 wk inc flu hosp","12"
2023-09-23,"26","1 wk flu hosp rate change","stable"
2023-09-23,"27","1 wk inc flu hosp","2"
2023-09-23,"27","1 wk flu hosp rate change","stable"
2023-09-23,"29","1 wk inc flu hosp","12"
2023-09-23,"29","1 wk flu hosp rate change","stable"
2023-09-23,"28","1 wk inc flu hosp","20"
2023-09-23,"28","1 wk flu hosp rate change","stable"
2023-09-23,"30","1 wk inc flu hosp","4"
2023-09-23,"30","1 wk flu hosp rate change","stable"
2023-09-23,"37","1 wk inc flu hosp","14"
2023-09-23,"37","1 wk flu hosp rate change","stable"
2023-09-23,"38","1 wk inc flu hosp","3"
2023-09-23,"38","1 wk flu hosp rate change","stable"
2023-09-23,"31","1 wk inc flu hosp","1"
2023-09-23,"31","1 wk flu hosp rate change","stable"
2023-09-23,"33","1 wk inc flu hosp","1"
2023-09-23,"33","1 wk flu hosp rate change","stable"
2023-09-23,"34","1 wk inc flu hosp","11"
2023-09-23,"34","1 wk flu hosp rate change","stable"
2023-09-23,"35","1 wk inc flu hosp","6"
2023-09-23,"35","1 wk flu hosp rate change","stable"
2023-09-23,"32","1 wk inc flu hosp","7"
2023-09-23,"32","1 wk flu hosp rate change","stable"
2023-09-23,"36","1 wk inc flu hosp","48"
2023-09-23,"36","1 wk flu hosp rate change","stable"
2023-09-23,"39","1 wk inc flu hosp","16"
2023-09-23,"39","1 wk flu hosp rate change","stable"
2023-09-23,"40","1 wk inc flu hosp","26"
2023-09-23,"40","1 wk flu hosp rate change","stable"
2023-09-23,"41","1 wk inc flu hosp","6"
2023-09-23,"41","1 wk flu hosp rate change","stable"
2023-09-23,"42","1 wk inc flu hosp","60"
2023-09-23,"42","1 wk flu hosp rate change","stable"
2023-09-23,"72","1 wk inc flu hosp","100"
2023-09-23,"72","1 wk flu hosp rate change","stable"
2023-09-23,"44","1 wk inc flu hosp","0"
2023-09-23,"44","1 wk flu hosp rate change","stable"
2023-09-23,"45","1 wk inc flu hosp","29"
2023-09-23,"45","1 wk flu hosp rate change","stable"
2023-09-23,"46","1 wk inc flu hosp","2"
2023-09-23,"46","1 wk flu hosp rate change","stable"
2023-09-23,"47","1 wk inc flu hosp","45"
2023-09-23,"47","1 wk flu hosp rate change","stable"
2023-09-23,"48","1 wk inc flu hosp","123"
2023-09-23,"48","1 wk flu hosp rate change","stable"
2023-09-23,"US","1 wk inc flu hosp","1089"
2023-09-23,"US","1 wk flu hosp rate change","stable"
2023-09-23,"49","1 wk inc flu hosp","4"
2023-09-23,"49","1 wk flu hosp rate change","stable"
2023-09-23,"51","1 wk inc flu hosp","59"
2023-09-23,"51","1 wk flu hosp rate change","stable"
2023-09-23,"50","1 wk inc flu hosp","1"
2023-09-23,"50","1 wk flu hosp rate change","stable"
2023-09-23,"53","1 wk inc flu hosp","12"
2023-09-23,"53","1 wk flu hosp rate change","stable"
2023-09-23,"55","1 wk inc flu hosp","9"
2023-09-23,"55","1 wk flu hosp rate change","stable"
2023-09-23,"54","1 wk inc flu hosp","7"
2023-09-23,"54","1 wk flu hosp rate change","stable"
2023-09-23,"56","1 wk inc flu hosp","2"
2023-09-23,"56","1 wk flu hosp rate change","stable"
2023-09-16,"02","1 wk inc flu hosp","6"
2023-09-16,"02","1 wk flu hosp rate change","stable"
2023-09-16,"01","1 wk inc flu hosp","11"
2023-09-16,"01","1 wk flu hosp rate change","stable"
2023-09-16,"05","1 wk inc flu hosp","6"
2023-09-16,"05","1 wk flu hosp rate change","stable"
2023-09-16,"04","1 wk inc flu hosp","9"
2023-09-16,"04","1 wk flu hosp rate change","stable"
2023-09-16,"06","1 wk inc flu hosp","51"
2023-09-16,"06","1 wk flu hosp rate change","stable"
2023-09-16,"08","1 wk inc flu hosp","8"
2023-09-16,"08","1 wk flu hosp rate change","stable"
2023-09-16,"09","1 wk inc flu hosp","16"
2023-09-16,"09","1 wk flu hosp rate change","stable"
2023-09-16,"11","1 wk inc flu hosp","1"
2023-09-16,"11","1 wk flu hosp rate change","stable"
2023-09-16,"10","1 wk inc flu hosp","0"
2023-09-16,"10","1 wk flu hosp rate change","stable"
2023-09-16,"12","1 wk inc flu hosp","172"
2023-09-16,"12","1 wk flu hosp rate change","stable"
2023-09-16,"13","1 wk inc flu hosp","35"
2023-09-16,"13","1 wk flu hosp rate change","stable"
2023-09-16,"15","1 wk inc flu hosp","5"
2023-09-16,"15","1 wk flu hosp rate change","stable"
2023-09-16,"19","1 wk inc flu hosp","0"
2023-09-16,"19","1 wk flu hosp rate change","stable"
2023-09-16,"16","1 wk inc flu hosp","3"
2023-09-16,"16","1 wk flu hosp rate change","stable"
2023-09-16,"17","1 wk inc flu hosp","20"
2023-09-16,"17","1 wk flu hosp rate change","stable"
2023-09-16,"18","1 wk inc flu hosp","14"
2023-09-16,"18","1 wk flu hosp rate change","stable"
2023-09-16,"20","1 wk inc flu hosp","4"
2023-09-16,"20","1 wk flu hosp rate change","stable"
2023-09-16,"21","1 wk inc flu hosp","13"
2023-09-16,"21","1 wk flu hosp rate change","stable"
2023-09-16,"22","1 wk inc flu hosp","18"
2023-09-16,"22","1 wk flu hosp rate change","stable"
2023-09-16,"25","1 wk inc flu hosp","10"
2023-09-16,"25","1 wk flu hosp rate change","stable"
2023-09-16,"24","1 wk inc flu hosp","6"
2023-09-16,"24","1 wk flu hosp rate change","stable"
2023-09-16,"23","1 wk inc flu hosp","1"
2023-09-16,"23","1 wk flu hosp rate change","stable"
2023-09-16,"26","1 wk inc flu hosp","17"
2023-09-16,"26","1 wk flu hosp rate change","stable"
2023-09-16,"27","1 wk inc flu hosp","4"
2023-09-16,"27","1 wk flu hosp rate change","stable"
2023-09-16,"29","1 wk inc flu hosp","16"
2023-09-16,"29","1 wk flu hosp rate change","stable"
2023-09-16,"28","1 wk inc flu hosp","16"
2023-09-16,"28","1 wk flu hosp rate change","stable"
2023-09-16,"30","1 wk inc flu hosp","3"
2023-09-16,"30","1 wk flu hosp rate change","stable"
2023-09-16,"37","1 wk inc flu hosp","13"
2023-09-16,"37","1 wk flu hosp rate change","stable"
2023-09-16,"38","1 wk inc flu hosp","1"
2023-09-16,"38","1 wk flu hosp rate change","stable"
2023-09-16,"31","1 wk inc flu hosp","6"
2023-09-16,"31","1 wk flu hosp rate change","stable"
2023-09-16,"33","1 wk inc flu hosp","2"
2023-09-16,"33","1 wk flu hosp rate change","stable"
2023-09-16,"34","1 wk inc flu hosp","29"
2023-09-16,"34","1 wk flu hosp rate change","stable"
2023-09-16,"35","1 wk inc flu hosp","8"
2023-09-16,"35","1 wk flu hosp rate change","stable"
2023-09-16,"32","1 wk inc flu hosp","4"
2023-09-16,"32","1 wk flu hosp rate change","stable"
2023-09-16,"36","1 wk inc flu hosp","19"
2023-09-16,"36","1 wk flu hosp rate change","stable"
2023-09-16,"39","1 wk inc flu hosp","9"
2023-09-16,"39","1 wk flu hosp rate change","stable"
2023-09-16,"40","1 wk inc flu hosp","17"
2023-09-16,"40","1 wk flu hosp rate change","stable"
2023-09-16,"41","1 wk inc flu hosp","6"
2023-09-16,"41","1 wk flu hosp rate change","stable"
2023-09-16,"42","1 wk inc flu hosp","50"
2023-09-16,"42","1 wk flu hosp rate change","stable"
2023-09-16,"72","1 wk inc flu hosp","85"
2023-09-16,"72","1 wk flu hosp rate change","stable"
2023-09-16,"44","1 wk inc flu hosp","1"
2023-09-16,"44","1 wk flu hosp rate change","stable"
2023-09-16,"45","1 wk inc flu hosp","31"
2023-09-16,"45","1 wk flu hosp rate change","stable"
2023-09-16,"46","1 wk inc flu hosp","0"
2023-09-16,"46","1 wk flu hosp rate change","stable"
2023-09-16,"47","1 wk inc flu hosp","24"
2023-09-16,"47","1 wk flu hosp rate change","stable"
2023-09-16,"48","1 wk inc flu hosp","127"
2023-09-16,"48","1 wk flu hosp rate change","stable"
2023-09-16,"US","1 wk inc flu hosp","956"
2023-09-16,"US","1 wk flu hosp rate change","stable"
2023-09-16,"49","1 wk inc flu hosp","2"
2023-09-16,"49","1 wk flu hosp rate change","stable"
2023-09-16,"51","1 wk inc flu hosp","45"
2023-09-16,"51","1 wk flu hosp rate change","stable"
2023-09-16,"50","1 wk inc flu hosp","1"
2023-09-16,"50","1 wk flu hosp rate change","stable"
2023-09-16,"53","1 wk inc flu hosp","6"
2023-09-16,"53","1 wk flu hosp rate change","stable"
2023-09-16,"55","1 wk inc flu hosp","0"
2023-09-16,"55","1 wk flu hosp rate change","stable"
2023-09-16,"54","1 wk inc flu hosp","5"
2023-09-16,"54","1 wk flu hosp rate change","stable"
2023-09-16,"56","1 wk inc flu hosp","0"
2023-09-16,"56","1 wk flu hosp rate change","stable"
2023-09-09,"02","1 wk inc flu hosp","5"
2023-09-09,"02","1 wk flu hosp rate change","stable"
2023-09-09,"01","1 wk inc flu hosp","20"
2023-09-09,"01","1 wk flu hosp rate change","stable"
2023-09-09,"05","1 wk inc flu hosp","7"
2023-09-09,"05","1 wk flu hosp rate change","stable"
2023-09-09,"04","1 wk inc flu hosp","10"
2023-09-09,"04","1 wk flu hosp rate change","stable"
2023-09-09,"06","1 wk inc flu hosp","41"
2023-09-09,"06","1 wk flu hosp rate change","stable"
2023-09-09,"08","1 wk inc flu hosp","2"
2023-09-09,"08","1 wk flu hosp rate change","stable"
2023-09-09,"09","1 wk inc flu hosp","9"
2023-09-09,"09","1 wk flu hosp rate change","stable"
2023-09-09,"11","1 wk inc flu hosp","0"
2023-09-09,"11","1 wk flu hosp rate change","stable"
2023-09-09,"10","1 wk inc flu hosp","0"
2023-09-09,"10","1 wk flu hosp rate change","stable"
2023-09-09,"12","1 wk inc flu hosp","156"
2023-09-09,"12","1 wk flu hosp rate change","stable"
2023-09-09,"13","1 wk inc flu hosp","34"
2023-09-09,"13","1 wk flu hosp rate change","stable"
2023-09-09,"15","1 wk inc flu hosp","8"
2023-09-09,"15","1 wk flu hosp rate change","stable"
2023-09-09,"19","1 wk inc flu hosp","0"
2023-09-09,"19","1 wk flu hosp rate change","stable"
2023-09-09,"16","1 wk inc flu hosp","0"
2023-09-09,"16","1 wk flu hosp rate change","stable"
2023-09-09,"17","1 wk inc flu hosp","18"
2023-09-09,"17","1 wk flu hosp rate change","stable"
2023-09-09,"18","1 wk inc flu hosp","9"
2023-09-09,"18","1 wk flu hosp rate change","stable"
2023-09-09,"20","1 wk inc flu hosp","3"
2023-09-09,"20","1 wk flu hosp rate change","stable"
2023-09-09,"21","1 wk inc flu hosp","5"
2023-09-09,"21","1 wk flu hosp rate change","stable"
2023-09-09,"22","1 wk inc flu hosp","13"
2023-09-09,"22","1 wk flu hosp rate change","stable"
2023-09-09,"25","1 wk inc flu hosp","5"
2023-09-09,"25","1 wk flu hosp rate change","stable"
2023-09-09,"24","1 wk inc flu hosp","2"
2023-09-09,"24","1 wk flu hosp rate change","stable"
2023-09-09,"23","1 wk inc flu hosp","0"
2023-09-09,"23","1 wk flu hosp rate change","stable"
2023-09-09,"26","1 wk inc flu hosp","9"
2023-09-09,"26","1 wk flu hosp rate change","stable"
2023-09-09,"27","1 wk inc flu hosp","1"
2023-09-09,"27","1 wk flu hosp rate change","stable"
2023-09-09,"29","1 wk inc flu hosp","8"
2023-09-09,"29","1 wk flu hosp rate change","stable"
2023-09-09,"28","1 wk inc flu hosp","24"
2023-09-09,"28","1 wk flu hosp rate change","stable"
2023-09-09,"30","1 wk inc flu hosp","1"
2023-09-09,"30","1 wk flu hosp rate change","stable"
2023-09-09,"37","1 wk inc flu hosp","11"
2023-09-09,"37","1 wk flu hosp rate change","stable"
2023-09-09,"38","1 wk inc flu hosp","0"
2023-09-09,"38","1 wk flu hosp rate change","stable"
2023-09-09,"31","1 wk inc flu hosp","0"
2023-09-09,"31","1 wk flu hosp rate change","stable"
2023-09-09,"33","1 wk inc flu hosp","0"
2023-09-09,"33","1 wk flu hosp rate change","stable"
2023-09-09,"34","1 wk inc flu hosp","10"
2023-09-09,"34","1 wk flu hosp rate change","stable"
2023-09-09,"35","1 wk inc flu hosp","11"
2023-09-09,"35","1 wk flu hosp rate change","stable"
2023-09-09,"32","1 wk inc flu hosp","0"
2023-09-09,"32","1 wk flu hosp rate change","stable"
2023-09-09,"36","1 wk inc flu hosp","12"
2023-09-09,"36","1 wk flu hosp rate change","stable"
2023-09-09,"39","1 wk inc flu hosp","9"
2023-09-09,"39","1 wk flu hosp rate change","stable"
2023-09-09,"40","1 wk inc flu hosp","16"
2023-09-09,"40","1 wk flu hosp rate change","stable"
2023-09-09,"41","1 wk inc flu hosp","6"
2023-09-09,"41","1 wk flu hosp rate change","stable"
2023-09-09,"42","1 wk inc flu hosp","48"
2023-09-09,"42","1 wk flu hosp rate change","stable"
2023-09-09,"72","1 wk inc flu hosp","59"
2023-09-09,"72","1 wk flu hosp rate change","stable"
2023-09-09,"44","1 wk inc flu hosp","2"
2023-09-09,"44","1 wk flu hosp rate change","stable"
2023-09-09,"45","1 wk inc flu hosp","26"
2023-09-09,"45","1 wk flu hosp rate change","stable"
2023-09-09,"46","1 wk inc flu hosp","0"
2023-09-09,"46","1 wk flu hosp rate change","stable"
2023-09-09,"47","1 wk inc flu hosp","34"
2023-09-09,"47","1 wk flu hosp rate change","stable"
2023-09-09,"48","1 wk inc flu hosp","128"
2023-09-09,"48","1 wk flu hosp rate change","stable"
2023-09-09,"US","1 wk inc flu hosp","820"
2023-09-09,"US","1 wk flu hosp rate change","stable"
2023-09-09,"49","1 wk inc flu hosp","3"
2023-09-09,"49","1 wk flu hosp rate change","stable"
2023-09-09,"51","1 wk inc flu hosp","31"
2023-09-09,"51","1 wk flu hosp rate change","stable"
2023-09-09,"50","1 wk inc flu hosp","0"
2023-09-09,"50","1 wk flu hosp rate change","stable"
2023-09-09,"53","1 wk inc flu hosp","15"
2023-09-09,"53","1 wk flu hosp rate change","stable"
2023-09-09,"55","1 wk inc flu hosp","3"
2023-09-09,"55","1 wk flu hosp rate change","stable"
2023-09-09,"54","1 wk inc flu hosp","6"
2023-09-09,"54","1 wk flu hosp rate change","stable"
2023-09-09,"56","1 wk inc flu hosp","0"
2023-09-09,"56","1 wk flu hosp rate change","stable"
